Location_ID,City,State,Area,Latitude,Longitude,Road_Type,Transport_Mode,Passenger_Count,Passenger_Demand,Vehicle_Count,Road_Occupancy_Percent,Traffic_Status,Traffic_Speed_kmh,Weather_Condition,Parking_Availability_Percent,Emission_Level_g_km,Average_Travel_Time_Min,Date
GEO-0001,Delhi,Delhi,Central,28.616003,77.20071,Highway,Bus,463,541,145,72.62,High,16,Clear,86.84,211.43,53,2026-03-02 17:00:00
GEO-0002,Lucknow,Uttar Pradesh,North,26.795325,80.897973,Main Road,E-Rickshaw,386,324,458,97.18,Low,41,Cloudy,4.69,128.2,24,2026-02-05 23:00:00
GEO-0003,Chennai,Tamil Nadu,East,13.061284,80.270974,City Road,E-Rickshaw,559,660,406,53.33,High,22,Clear,31.18,25.29,41,2026-02-02 20:00:00
GEO-0004,Delhi,Delhi,Central,28.641439,77.161109,City Road,Auto,359,483,122,96.24,High,18,Hazy,39.95,78.39,42,2026-01-15 07:00:00
GEO-0005,Indore,Madhya Pradesh,North,22.659916,75.83372,City Road,Auto,443,364,274,36.41,High,29,Hazy,48.39,194.9,39,2026-01-01 22:00:00
GEO-0006,Pune,Maharashtra,North,18.442855,73.846086,Highway,Taxi,498,638,73,24.09,High,35,Rain,74.02,230.57,58,2026-02-21 10:00:00
GEO-0007,Surat,Gujarat,East,21.182959,72.762875,Main Road,E-Rickshaw,596,859,444,33.68,Severe,15,Clear,33.76,116.84,43,2026-02-17 17:00:00
GEO-0008,Ahmedabad,Gujarat,West,23.002666,72.566569,City Road,Taxi,92,76,92,89.81,Moderate,52,Cloudy,41.91,108.2,45,2026-03-10 04:00:00
GEO-0009,Hyderabad,Telangana,East,17.338551,78.604803,Expressway,Metro,657,689,420,54.85,Low,24,Hazy,24.8,98.0,36,2026-07-14 20:00:00
GEO-0010,Surat,Gujarat,East,21.167087,72.769793,Main Road,Taxi,938,1349,345,79.51,High,22,Hazy,54.83,210.61,27,2026-01-15 21:00:00
GEO-0011,Surat,Gujarat,West,21.187891,72.775469,Highway,Bus,847,713,385,99.01,High,34,Clear,75.93,192.85,50,2026-03-20 18:00:00
GEO-0012,Lucknow,Uttar Pradesh,North,26.836848,80.901215,Expressway,Train,154,149,190,61.33,Severe,10,Hazy,68.5,244.68,15,2026-02-13 17:00:00
GEO-0013,Ahmedabad,Gujarat,Central,23.012265,72.631287,City Road,Bus,985,816,62,15.28,Moderate,32,Rain,99.18,170.01,18,2026-07-10 13:00:00
GEO-0014,Coimbatore,Tamil Nadu,South,11.015782,76.983266,Expressway,Bus,843,637,421,17.44,Low,65,Rain,42.84,215.04,51,2026-05-28 10:00:00
GEO-0015,Kolkata,West Bengal,North,22.615322,88.319295,Main Road,Auto,431,494,19,53.06,Low,68,Clear,44.31,37.28,5,2026-06-30 23:00:00
GEO-0016,Kolkata,West Bengal,East,22.594294,88.278953,Main Road,Taxi,665,864,108,76.21,Moderate,47,Rain,18.76,161.68,5,2026-05-01 10:00:00
GEO-0017,Nagpur,Maharashtra,West,21.145413,79.073877,Expressway,E-Rickshaw,156,204,498,18.31,High,32,Clear,68.28,149.82,28,2026-02-27 18:00:00
GEO-0018,Surat,Gujarat,Central,21.157177,72.93092,Main Road,E-Rickshaw,131,171,366,20.07,Moderate,54,Cloudy,54.21,107.26,9,2026-02-12 05:00:00
GEO-0019,Chennai,Tamil Nadu,East,13.066246,80.30864,Highway,Train,495,397,409,25.36,Low,35,Cloudy,48.47,52.79,53,2026-07-20 00:00:00
GEO-0020,Pune,Maharashtra,West,18.459558,73.830887,Expressway,Metro,860,976,431,41.6,High,22,Cloudy,49.83,32.42,8,2026-01-21 07:00:00
GEO-0021,Mumbai,Maharashtra,South,19.031506,72.907371,Highway,Bus,810,1158,137,16.53,Moderate,39,Hazy,82.67,106.22,60,2026-05-01 17:00:00
GEO-0022,Kochi,Kerala,West,9.904439,76.299125,Main Road,Train,28,24,250,68.3,Low,25,Rain,32.76,163.72,35,2026-02-07 14:00:00
GEO-0023,Ahmedabad,Gujarat,West,23.005857,72.651432,Ring Road,Auto,337,321,367,79.87,High,32,Rain,80.18,26.41,14,2026-06-25 04:00:00
GEO-0024,Visakhapatnam,Andhra Pradesh,South,17.620726,83.210505,Highway,Metro,411,421,20,45.24,High,16,Cloudy,44.01,113.9,27,2026-07-05 06:00:00
GEO-0025,Jaipur,Rajasthan,East,26.992272,75.777089,City Road,E-Rickshaw,63,47,391,49.48,Moderate,40,Rain,38.82,54.57,22,2026-03-26 02:00:00
GEO-0026,Bengaluru,Karnataka,Central,12.91153,77.61296,Main Road,Metro,123,125,171,55.11,High,31,Clear,30.2,99.32,54,2026-01-12 21:00:00
GEO-0027,Hyderabad,Telangana,East,17.431795,78.457896,City Road,Train,103,152,210,61.52,Severe,6,Rain,13.41,135.91,42,2026-01-11 09:00:00
GEO-0028,Kolkata,West Bengal,North,22.631404,88.385685,City Road,E-Rickshaw,747,884,129,42.78,Severe,17,Hazy,82.68,159.45,30,2026-03-02 01:00:00
GEO-0029,Coimbatore,Tamil Nadu,East,11.030822,76.930457,Main Road,Bus,489,723,121,49.39,High,27,Cloudy,95.22,43.15,26,2026-07-28 02:00:00
GEO-0030,Visakhapatnam,Andhra Pradesh,Central,17.613453,83.189906,City Road,Train,396,519,63,59.63,Moderate,30,Rain,63.69,49.6,31,2026-05-23 11:00:00
GEO-0031,Lucknow,Uttar Pradesh,South,26.843086,80.995831,Expressway,Train,861,799,484,99.79,Low,30,Cloudy,21.3,89.9,42,2026-03-22 16:00:00
GEO-0032,Pune,Maharashtra,Central,18.571259,73.936044,Ring Road,Bus,247,327,80,24.71,Moderate,33,Clear,91.12,34.44,57,2026-07-14 15:00:00
GEO-0033,Indore,Madhya Pradesh,North,22.667393,75.792115,Ring Road,Metro,62,79,467,60.23,Moderate,36,Hazy,91.51,39.76,40,2026-06-12 19:00:00
GEO-0034,Nagpur,Maharashtra,West,21.114665,79.109325,Main Road,E-Rickshaw,973,1248,65,79.76,High,18,Cloudy,35.2,113.1,13,2026-05-03 16:00:00
GEO-0035,Nagpur,Maharashtra,North,21.167976,79.094514,Ring Road,Taxi,313,310,452,65.22,Low,55,Hazy,1.6,120.35,20,2026-08-06 03:00:00
GEO-0036,Chennai,Tamil Nadu,East,13.117631,80.284744,City Road,E-Rickshaw,692,642,447,17.41,High,33,Clear,10.52,135.68,43,2026-04-29 09:00:00
GEO-0037,Indore,Madhya Pradesh,East,22.714821,75.927204,Expressway,Metro,249,329,381,43.68,High,33,Rain,28.23,39.35,48,2026-05-11 05:00:00
GEO-0038,Hyderabad,Telangana,South,17.423197,78.400491,Highway,Train,614,767,394,49.14,High,29,Hazy,53.29,44.99,49,2026-02-08 17:00:00
GEO-0039,Kolkata,West Bengal,South,22.524955,88.291568,City Road,Bus,590,466,337,34.49,High,28,Clear,68.37,31.37,43,2026-01-29 00:00:00
GEO-0040,Jaipur,Rajasthan,North,26.946098,75.876064,Ring Road,Taxi,650,755,219,72.61,Severe,11,Hazy,36.11,105.92,56,2026-04-22 13:00:00
GEO-0041,Chennai,Tamil Nadu,South,13.081513,80.188258,Main Road,Train,54,65,412,59.39,Moderate,35,Cloudy,85.05,160.06,36,2026-05-16 05:00:00
GEO-0042,Hyderabad,Telangana,East,17.349948,78.421971,City Road,Train,458,410,16,22.54,Low,56,Rain,80.28,206.64,35,2026-07-11 18:00:00
GEO-0043,Hyderabad,Telangana,South,17.381122,78.473245,Ring Road,Taxi,141,106,272,89.03,Moderate,40,Cloudy,46.0,196.34,16,2026-04-15 06:00:00
GEO-0044,Kochi,Kerala,North,9.934121,76.226173,Expressway,Metro,244,304,351,90.77,Moderate,53,Rain,86.69,57.96,18,2026-03-03 04:00:00
GEO-0045,Nagpur,Maharashtra,West,21.071142,79.025297,City Road,Auto,518,545,218,92.65,High,22,Hazy,98.49,123.64,55,2026-06-24 22:00:00
GEO-0046,Surat,Gujarat,South,21.195882,72.820453,City Road,Auto,609,677,32,67.54,Moderate,52,Cloudy,96.53,151.82,40,2026-01-07 09:00:00
GEO-0047,Nagpur,Maharashtra,West,21.135025,79.066567,Main Road,Metro,802,729,482,19.82,High,28,Rain,64.37,43.53,44,2026-05-30 21:00:00
GEO-0048,Lucknow,Uttar Pradesh,West,26.73015,80.968559,City Road,Auto,208,253,280,65.85,High,30,Hazy,57.09,105.38,12,2026-03-20 01:00:00
GEO-0049,Pune,Maharashtra,Central,18.491732,73.88124,Ring Road,Bus,441,651,203,43.45,High,25,Rain,53.13,207.56,9,2026-07-30 11:00:00
GEO-0050,Chennai,Tamil Nadu,East,13.11588,80.189064,Expressway,Train,116,146,486,61.87,Moderate,54,Rain,70.97,173.6,42,2026-03-31 06:00:00
GEO-0051,Pune,Maharashtra,East,18.474531,73.822332,Main Road,Metro,453,412,230,38.97,Moderate,35,Rain,66.17,89.65,38,2026-07-22 07:00:00
GEO-0052,Coimbatore,Tamil Nadu,Central,11.03004,76.937989,Highway,E-Rickshaw,406,593,92,91.18,Severe,16,Rain,16.58,64.97,29,2026-08-02 15:00:00
GEO-0053,Lucknow,Uttar Pradesh,South,26.856478,80.942043,City Road,Metro,958,1020,224,30.97,High,19,Hazy,10.62,156.46,25,2026-08-03 07:00:00
GEO-0054,Lucknow,Uttar Pradesh,South,26.886127,80.893278,Highway,Bus,521,607,174,68.35,Severe,7,Hazy,87.23,77.48,11,2026-02-26 16:00:00
GEO-0055,Mumbai,Maharashtra,South,19.058245,72.881989,City Road,Bus,198,217,107,97.46,Low,34,Cloudy,42.89,228.63,54,2026-06-28 18:00:00
GEO-0056,Delhi,Delhi,East,28.607635,77.136482,Ring Road,Bus,676,781,286,86.26,Severe,19,Clear,34.17,249.21,59,2026-01-24 20:00:00
GEO-0057,Kochi,Kerala,West,9.982764,76.230625,City Road,Auto,225,293,40,90.66,Low,41,Clear,27.44,29.02,15,2026-05-16 05:00:00
GEO-0058,Pune,Maharashtra,Central,18.532578,73.887523,Expressway,Train,650,524,297,99.67,Moderate,55,Hazy,2.79,37.83,9,2026-04-27 14:00:00
GEO-0059,Pune,Maharashtra,East,18.596194,73.803486,City Road,Bus,863,1242,423,22.99,Moderate,44,Hazy,37.65,204.31,14,2026-01-05 20:00:00
GEO-0060,Mumbai,Maharashtra,East,19.073246,72.847546,City Road,Taxi,346,493,339,18.04,Low,70,Hazy,47.82,240.99,31,2026-08-06 03:00:00
GEO-0061,Ahmedabad,Gujarat,East,22.962838,72.6009,Main Road,Bus,601,479,413,73.35,Moderate,30,Clear,48.07,79.45,46,2026-03-05 02:00:00
GEO-0062,Kolkata,West Bengal,West,22.518864,88.324384,Main Road,Taxi,536,481,329,92.16,Low,52,Cloudy,60.29,149.14,56,2026-02-13 06:00:00
GEO-0063,Lucknow,Uttar Pradesh,South,26.788721,80.908918,Expressway,Train,295,401,194,61.38,Low,8,Clear,68.85,118.9,25,2026-04-14 17:00:00
GEO-0064,Mumbai,Maharashtra,North,19.075424,72.900051,Expressway,E-Rickshaw,585,745,88,88.28,High,24,Clear,77.35,63.7,58,2026-06-14 13:00:00
GEO-0065,Coimbatore,Tamil Nadu,East,10.957523,76.961155,Main Road,Taxi,241,330,115,55.34,Moderate,44,Cloudy,71.42,56.03,15,2026-05-08 17:00:00
GEO-0066,Indore,Madhya Pradesh,South,22.741942,75.717804,Ring Road,Auto,425,360,419,92.22,High,30,Cloudy,94.45,153.47,28,2026-07-28 18:00:00
GEO-0067,Mumbai,Maharashtra,Central,19.124358,72.866768,Highway,Bus,940,897,301,67.34,Moderate,55,Clear,3.5,248.44,6,2026-03-26 21:00:00
GEO-0068,Mumbai,Maharashtra,Central,19.044795,72.871674,Expressway,Metro,915,796,105,29.63,Severe,20,Rain,6.52,227.03,34,2026-05-05 10:00:00
GEO-0069,Delhi,Delhi,South,28.624927,77.217016,Ring Road,Train,866,668,225,52.12,Moderate,34,Rain,98.72,76.37,9,2026-04-12 13:00:00
GEO-0070,Nagpur,Maharashtra,North,21.183231,79.104498,City Road,Bus,909,963,139,93.6,Moderate,50,Clear,91.36,131.7,30,2026-06-03 00:00:00
GEO-0071,Chennai,Tamil Nadu,West,13.112461,80.206905,Highway,E-Rickshaw,436,565,308,59.21,Moderate,49,Hazy,3.46,241.84,10,2026-02-25 07:00:00
GEO-0072,Nagpur,Maharashtra,East,21.142134,79.144302,City Road,Metro,620,630,128,65.48,Low,12,Hazy,34.7,208.47,39,2026-02-01 18:00:00
GEO-0073,Nagpur,Maharashtra,West,21.181309,79.090153,City Road,E-Rickshaw,549,811,158,96.68,Severe,13,Hazy,50.46,218.88,34,2026-06-16 22:00:00
GEO-0074,Kolkata,West Bengal,South,22.657563,88.376363,Ring Road,Auto,1000,1276,123,57.79,Moderate,41,Rain,71.9,32.28,29,2026-04-17 04:00:00
GEO-0075,Pune,Maharashtra,South,18.526825,73.86794,Main Road,Taxi,720,900,464,19.29,High,25,Clear,50.09,249.65,14,2026-05-24 20:00:00
GEO-0076,Coimbatore,Tamil Nadu,East,10.984806,76.90565,Expressway,E-Rickshaw,169,200,467,56.85,High,16,Hazy,43.86,219.23,27,2026-04-29 01:00:00
GEO-0077,Kochi,Kerala,East,9.933296,76.284333,Main Road,Train,905,808,490,32.9,High,24,Hazy,3.5,157.83,43,2026-05-28 15:00:00
GEO-0078,Chennai,Tamil Nadu,Central,13.07241,80.242459,Main Road,Train,487,552,59,60.91,Moderate,43,Clear,56.92,42.7,7,2026-04-07 12:00:00
GEO-0079,Ahmedabad,Gujarat,East,23.069651,72.578133,City Road,Auto,407,583,488,73.86,High,34,Hazy,59.43,224.43,38,2026-02-04 18:00:00
GEO-0080,Hyderabad,Telangana,South,17.36837,78.5517,Highway,Train,476,440,238,21.06,Moderate,51,Hazy,60.81,117.71,27,2026-05-30 04:00:00
GEO-0081,Kolkata,West Bengal,East,22.541725,88.28867,City Road,Taxi,546,772,257,85.99,High,30,Rain,56.76,193.53,21,2026-05-20 21:00:00
GEO-0082,Mumbai,Maharashtra,West,18.989334,72.920955,Highway,Train,439,484,354,40.39,Severe,8,Cloudy,27.68,171.65,34,2026-07-30 06:00:00
GEO-0083,Chennai,Tamil Nadu,East,13.02556,80.270388,Ring Road,Train,91,99,314,24.25,High,32,Clear,5.92,35.97,16,2026-04-27 23:00:00
GEO-0084,Ahmedabad,Gujarat,West,22.99899,72.503828,City Road,Auto,958,994,60,71.16,Moderate,46,Hazy,77.29,174.46,50,2026-08-03 22:00:00
GEO-0085,Ahmedabad,Gujarat,East,23.012983,72.525469,Ring Road,Taxi,767,981,263,28.2,High,24,Hazy,98.43,67.16,56,2026-06-12 02:00:00
GEO-0086,Kochi,Kerala,Central,9.823519,76.246086,Ring Road,Bus,92,115,32,41.01,High,18,Hazy,0.64,129.56,24,2026-04-04 08:00:00
GEO-0087,Nagpur,Maharashtra,South,21.122772,79.106864,Expressway,Bus,941,1390,482,20.7,Moderate,54,Hazy,64.07,186.94,51,2026-06-09 02:00:00
GEO-0088,Jaipur,Rajasthan,East,26.90435,75.822661,Main Road,Taxi,564,768,229,38.26,High,22,Rain,73.94,74.93,36,2026-01-26 09:00:00
GEO-0089,Coimbatore,Tamil Nadu,East,11.104843,76.921464,Highway,E-Rickshaw,903,1099,53,39.22,High,26,Clear,5.0,87.1,26,2026-02-07 02:00:00
GEO-0090,Hyderabad,Telangana,West,17.367306,78.486392,Ring Road,Taxi,578,615,34,29.04,Severe,10,Cloudy,42.66,28.61,37,2026-05-27 04:00:00
GEO-0091,Chennai,Tamil Nadu,East,13.021747,80.238568,City Road,Bus,446,418,205,55.45,High,35,Rain,62.15,169.74,27,2026-05-14 11:00:00
GEO-0092,Nagpur,Maharashtra,North,21.162384,78.987414,Ring Road,Train,926,726,381,75.23,High,18,Clear,78.67,90.39,31,2026-01-15 22:00:00
GEO-0093,Nagpur,Maharashtra,East,21.10291,79.099529,City Road,Train,823,729,150,32.92,Moderate,54,Cloudy,92.39,157.68,53,2026-07-04 19:00:00
GEO-0094,Indore,Madhya Pradesh,South,22.714628,75.883442,Expressway,Auto,613,582,48,63.87,Severe,19,Clear,18.55,69.16,16,2026-02-19 03:00:00
GEO-0095,Kolkata,West Bengal,East,22.597189,88.404614,Expressway,Bus,871,969,403,31.68,Moderate,51,Hazy,1.79,109.57,28,2026-02-28 19:00:00
GEO-0096,Mumbai,Maharashtra,Central,18.997646,72.837766,Main Road,Train,25,28,369,60.16,Low,34,Cloudy,40.08,71.34,52,2026-06-20 16:00:00
GEO-0097,Pune,Maharashtra,West,18.451026,73.898309,Expressway,Taxi,309,420,437,86.05,High,32,Clear,18.55,86.08,27,2026-02-02 06:00:00
GEO-0098,Surat,Gujarat,North,21.276797,72.680841,Expressway,Train,879,684,405,64.29,Severe,6,Clear,20.78,26.7,12,2026-04-19 16:00:00
GEO-0099,Mumbai,Maharashtra,North,19.050529,72.8851,Highway,E-Rickshaw,444,384,438,40.07,Moderate,35,Hazy,42.51,76.31,15,2026-04-13 00:00:00
GEO-0100,Surat,Gujarat,North,21.181423,72.853292,Highway,Bus,452,506,118,71.71,Moderate,54,Cloudy,49.73,204.18,10,2026-02-02 00:00:00
GEO-0101,Delhi,Delhi,South,28.64927,77.214121,Highway,E-Rickshaw,746,989,206,27.65,Severe,14,Cloudy,2.99,92.78,40,2026-02-03 21:00:00
GEO-0102,Kochi,Kerala,Central,9.903215,76.27778,Main Road,E-Rickshaw,809,821,416,72.63,High,23,Rain,59.84,127.41,54,2026-01-15 03:00:00
GEO-0103,Indore,Madhya Pradesh,South,22.722416,75.854726,Ring Road,Taxi,243,278,239,85.34,High,21,Cloudy,97.43,159.09,9,2026-02-24 16:00:00
GEO-0104,Nagpur,Maharashtra,South,21.056156,79.074989,City Road,Bus,624,669,415,41.78,Moderate,48,Hazy,60.7,133.82,48,2026-02-01 09:00:00
GEO-0105,Lucknow,Uttar Pradesh,South,26.922411,80.951321,Main Road,Auto,448,367,62,73.37,Moderate,53,Clear,11.8,164.68,51,2026-02-25 17:00:00
GEO-0106,Jaipur,Rajasthan,South,26.915772,75.783261,Main Road,Metro,104,128,254,64.88,Moderate,43,Hazy,32.18,203.51,26,2026-06-24 15:00:00
GEO-0107,Visakhapatnam,Andhra Pradesh,Central,17.707949,83.263754,City Road,E-Rickshaw,636,755,219,90.86,Low,6,Clear,66.43,207.61,54,2026-03-03 20:00:00
GEO-0108,Hyderabad,Telangana,South,17.448315,78.556616,Ring Road,Metro,965,885,443,41.7,High,35,Clear,29.18,175.41,54,2026-07-04 09:00:00
GEO-0109,Ahmedabad,Gujarat,North,23.031545,72.602974,Expressway,Metro,868,653,80,46.26,Severe,13,Rain,47.48,75.58,30,2026-06-07 13:00:00
GEO-0110,Delhi,Delhi,Central,28.618752,77.199434,Expressway,E-Rickshaw,704,577,179,86.09,Moderate,50,Cloudy,50.9,142.46,41,2026-02-24 14:00:00
GEO-0111,Bengaluru,Karnataka,East,12.969286,77.595196,Highway,Metro,742,1074,476,74.05,High,16,Cloudy,24.98,226.72,49,2026-05-02 04:00:00
GEO-0112,Lucknow,Uttar Pradesh,East,26.813144,81.055577,Ring Road,Train,29,24,281,54.36,Moderate,30,Hazy,85.71,50.54,16,2026-01-09 00:00:00
GEO-0113,Indore,Madhya Pradesh,East,22.733075,75.863372,City Road,Bus,208,202,17,62.8,Moderate,47,Hazy,24.18,56.19,11,2026-03-07 13:00:00
GEO-0114,Chennai,Tamil Nadu,North,13.095807,80.259944,City Road,E-Rickshaw,388,311,429,32.77,High,17,Hazy,19.76,102.91,30,2026-07-23 22:00:00
GEO-0115,Jaipur,Rajasthan,East,26.974219,75.805053,Highway,Metro,941,1327,213,52.63,Low,24,Cloudy,34.86,144.23,21,2026-02-14 22:00:00
GEO-0116,Jaipur,Rajasthan,North,26.908613,75.826779,City Road,E-Rickshaw,92,95,57,23.98,Severe,7,Cloudy,35.94,234.27,57,2026-05-11 22:00:00
GEO-0117,Bengaluru,Karnataka,North,13.047087,77.554292,Expressway,Taxi,790,959,15,47.75,High,22,Rain,57.19,111.59,14,2026-02-19 11:00:00
GEO-0118,Visakhapatnam,Andhra Pradesh,South,17.666326,83.271211,Expressway,Bus,89,127,269,40.39,High,23,Cloudy,14.26,91.98,55,2026-03-30 06:00:00
GEO-0119,Visakhapatnam,Andhra Pradesh,North,17.739844,83.281603,Main Road,Taxi,641,915,480,61.57,High,15,Hazy,71.25,97.69,47,2026-07-08 06:00:00
GEO-0120,Indore,Madhya Pradesh,West,22.725491,75.87777,Expressway,Train,619,605,479,68.3,High,33,Cloudy,7.2,151.71,7,2026-01-30 02:00:00
GEO-0121,Chennai,Tamil Nadu,East,13.057993,80.268887,Ring Road,E-Rickshaw,807,1122,284,99.26,High,16,Clear,4.14,20.24,58,2026-06-15 10:00:00
GEO-0122,Lucknow,Uttar Pradesh,East,26.770526,80.929802,Main Road,Taxi,178,198,311,29.67,High,26,Clear,52.42,123.19,44,2026-06-16 17:00:00
GEO-0123,Indore,Madhya Pradesh,East,22.844353,75.903292,Highway,Train,713,807,144,96.2,Low,63,Rain,12.5,167.3,6,2026-04-01 06:00:00
GEO-0124,Nagpur,Maharashtra,North,21.105908,79.069728,City Road,Train,167,207,193,21.63,High,23,Rain,45.18,129.56,18,2026-01-10 11:00:00
GEO-0125,Bengaluru,Karnataka,North,12.912805,77.568158,Expressway,Metro,747,1065,99,61.79,High,35,Hazy,89.85,180.04,38,2026-03-05 02:00:00
GEO-0126,Mumbai,Maharashtra,North,19.134349,72.808563,Ring Road,Taxi,693,999,457,25.82,High,22,Rain,80.48,200.04,29,2026-04-28 16:00:00
GEO-0127,Bengaluru,Karnataka,East,13.014312,77.626871,City Road,Bus,500,747,165,77.52,Moderate,30,Clear,5.46,103.69,11,2026-04-05 17:00:00
GEO-0128,Bengaluru,Karnataka,East,12.941497,77.630097,Ring Road,E-Rickshaw,811,1114,244,89.19,Moderate,52,Rain,5.24,238.48,33,2026-07-01 16:00:00
GEO-0129,Bengaluru,Karnataka,East,12.942769,77.551924,Main Road,E-Rickshaw,798,609,452,45.77,High,24,Clear,86.67,239.62,43,2026-01-22 16:00:00
GEO-0130,Bengaluru,Karnataka,North,13.056189,77.610778,Highway,Train,551,672,20,23.95,High,25,Hazy,0.41,205.04,44,2026-03-17 03:00:00
GEO-0131,Hyderabad,Telangana,South,17.357997,78.491909,Expressway,Metro,643,858,320,75.54,High,28,Clear,75.08,216.32,49,2026-02-08 04:00:00
GEO-0132,Pune,Maharashtra,Central,18.462433,73.896823,City Road,Bus,795,603,339,60.59,Low,44,Rain,66.49,116.56,15,2026-02-18 17:00:00
GEO-0133,Delhi,Delhi,South,28.516227,77.209835,Expressway,Bus,767,836,305,69.22,High,24,Rain,15.44,73.81,31,2026-01-02 20:00:00
GEO-0134,Nagpur,Maharashtra,North,21.169952,79.161693,Main Road,Auto,155,195,118,51.57,Moderate,55,Clear,68.37,22.05,44,2026-06-18 05:00:00
GEO-0135,Ahmedabad,Gujarat,South,23.046161,72.531019,Ring Road,Bus,699,957,391,94.33,Low,68,Rain,48.57,49.39,19,2026-03-20 04:00:00
GEO-0136,Delhi,Delhi,South,28.640146,77.230911,City Road,Metro,106,133,289,94.61,Moderate,45,Hazy,65.37,227.66,45,2026-02-05 11:00:00
GEO-0137,Surat,Gujarat,North,21.216172,72.807323,Main Road,Train,417,362,330,33.83,Moderate,53,Rain,79.11,180.56,28,2026-04-29 16:00:00
GEO-0138,Surat,Gujarat,Central,21.222931,72.900014,Ring Road,Metro,420,508,294,50.49,Moderate,38,Hazy,96.89,71.3,54,2026-02-27 12:00:00
GEO-0139,Indore,Madhya Pradesh,North,22.802588,75.8696,Highway,Bus,363,393,175,17.15,Moderate,55,Cloudy,33.37,49.66,21,2026-02-03 08:00:00
GEO-0140,Delhi,Delhi,Central,28.64139,77.186698,Highway,Bus,135,181,343,29.64,High,24,Cloudy,81.22,244.84,15,2026-06-28 03:00:00
GEO-0141,Kochi,Kerala,East,9.960694,76.236085,City Road,Bus,270,234,159,24.29,Low,41,Cloudy,86.78,43.84,54,2026-04-21 09:00:00
GEO-0142,Kochi,Kerala,East,9.962067,76.354036,City Road,Train,240,322,291,43.84,High,22,Hazy,44.08,145.61,10,2026-04-06 18:00:00
GEO-0143,Ahmedabad,Gujarat,West,23.047377,72.565653,City Road,Metro,567,781,93,65.31,Moderate,46,Hazy,27.39,27.48,36,2026-01-07 18:00:00
GEO-0144,Bengaluru,Karnataka,East,12.934014,77.580526,Highway,E-Rickshaw,61,82,335,43.28,High,27,Rain,31.78,92.95,32,2026-04-12 08:00:00
GEO-0145,Mumbai,Maharashtra,East,19.050419,72.869688,Expressway,Taxi,974,1287,215,74.81,High,34,Clear,65.32,223.94,13,2026-01-03 04:00:00
GEO-0146,Kolkata,West Bengal,South,22.581091,88.365886,Expressway,Metro,834,1095,470,28.17,Moderate,55,Cloudy,84.18,26.23,41,2026-04-16 09:00:00
GEO-0147,Coimbatore,Tamil Nadu,North,10.986791,76.919436,Main Road,Auto,647,868,243,92.07,High,32,Clear,17.07,34.19,21,2026-01-02 23:00:00
GEO-0148,Pune,Maharashtra,North,18.532292,73.892923,City Road,Taxi,698,869,163,54.69,High,29,Hazy,53.87,38.06,39,2026-04-07 05:00:00
GEO-0149,Indore,Madhya Pradesh,Central,22.71899,75.92618,Highway,Taxi,675,967,494,23.85,High,23,Rain,16.04,62.41,50,2026-03-01 03:00:00
GEO-0150,Hyderabad,Telangana,North,17.385637,78.469415,Expressway,Metro,407,410,349,52.48,Severe,15,Hazy,93.33,29.87,44,2026-06-16 00:00:00
GEO-0151,Indore,Madhya Pradesh,East,22.742952,75.809725,Expressway,E-Rickshaw,507,740,455,36.75,Low,29,Hazy,70.15,231.67,22,2026-06-09 05:00:00
GEO-0152,Indore,Madhya Pradesh,South,22.661675,75.874333,Expressway,Bus,673,594,448,93.88,Low,19,Cloudy,52.37,171.01,29,2026-01-15 20:00:00
GEO-0153,Delhi,Delhi,West,28.563087,77.2378,Highway,Train,687,932,379,46.25,High,21,Clear,14.16,127.61,17,2026-03-20 09:00:00
GEO-0154,Jaipur,Rajasthan,North,26.94749,75.752564,Expressway,Auto,444,628,328,63.05,Moderate,34,Rain,69.92,164.2,53,2026-02-11 09:00:00
GEO-0155,Kolkata,West Bengal,North,22.527809,88.362183,City Road,Metro,224,263,379,88.48,Low,8,Cloudy,22.55,159.93,50,2026-05-16 05:00:00
GEO-0156,Indore,Madhya Pradesh,Central,22.648909,75.864622,Expressway,Taxi,336,278,296,35.84,Moderate,40,Clear,4.16,84.48,46,2026-02-10 19:00:00
GEO-0157,Visakhapatnam,Andhra Pradesh,South,17.641382,83.202461,Highway,Bus,756,750,211,84.47,Low,19,Rain,10.45,162.17,32,2026-04-06 01:00:00
GEO-0158,Coimbatore,Tamil Nadu,Central,10.968432,76.945981,Highway,E-Rickshaw,86,76,58,79.36,Low,24,Clear,75.37,102.66,28,2026-07-07 15:00:00
GEO-0159,Delhi,Delhi,East,28.627183,77.240062,Main Road,Metro,345,336,287,52.29,Moderate,49,Hazy,66.64,219.62,35,2026-07-13 18:00:00
GEO-0160,Bengaluru,Karnataka,North,12.981063,77.521608,Expressway,Bus,561,592,417,21.27,Severe,13,Cloudy,20.49,124.23,49,2026-01-25 06:00:00
GEO-0161,Bengaluru,Karnataka,East,12.991071,77.51076,Ring Road,Auto,379,563,388,19.81,Low,23,Cloudy,98.2,29.55,42,2026-03-02 12:00:00
GEO-0162,Lucknow,Uttar Pradesh,South,26.762261,80.979863,Ring Road,Metro,82,71,193,85.16,Moderate,52,Rain,24.11,60.31,6,2026-02-05 14:00:00
GEO-0163,Bengaluru,Karnataka,Central,13.008777,77.6091,Highway,Metro,852,673,402,59.34,High,24,Clear,86.3,184.2,5,2026-04-05 10:00:00
GEO-0164,Bengaluru,Karnataka,South,12.947672,77.575257,Ring Road,E-Rickshaw,887,680,444,56.98,Low,8,Hazy,61.75,226.4,11,2026-01-17 14:00:00
GEO-0165,Hyderabad,Telangana,West,17.399412,78.516595,Main Road,Bus,871,917,96,85.74,Low,60,Clear,55.72,232.03,51,2026-06-08 18:00:00
GEO-0166,Kolkata,West Bengal,East,22.588591,88.358384,City Road,Auto,795,979,204,32.79,Severe,5,Hazy,34.21,49.46,34,2026-07-04 16:00:00
GEO-0167,Lucknow,Uttar Pradesh,South,26.885293,80.972731,City Road,Taxi,599,579,449,88.11,Moderate,43,Cloudy,87.76,237.72,58,2026-04-09 11:00:00
GEO-0168,Kochi,Kerala,South,9.891123,76.274506,Main Road,Auto,133,172,40,56.5,Moderate,37,Cloudy,77.34,100.18,7,2026-01-30 11:00:00
GEO-0169,Coimbatore,Tamil Nadu,South,11.010262,77.032824,Expressway,Metro,988,1113,312,44.9,Low,19,Clear,13.44,211.7,45,2026-02-15 21:00:00
GEO-0170,Mumbai,Maharashtra,South,18.999074,72.892446,Ring Road,Bus,248,333,391,94.1,Moderate,52,Clear,33.82,72.51,60,2026-06-17 00:00:00
GEO-0171,Bengaluru,Karnataka,West,12.946366,77.652039,Ring Road,Metro,349,468,197,49.21,Moderate,55,Cloudy,10.44,184.77,9,2026-07-05 14:00:00
GEO-0172,Kolkata,West Bengal,Central,22.581498,88.328035,City Road,Metro,88,103,324,49.45,Low,16,Hazy,42.55,216.27,17,2026-02-18 20:00:00
GEO-0173,Kochi,Kerala,South,9.905139,76.34221,Highway,E-Rickshaw,637,534,45,88.58,Moderate,32,Rain,61.04,192.87,17,2026-04-17 02:00:00
GEO-0174,Delhi,Delhi,West,28.666133,77.159798,Ring Road,Train,703,902,280,76.07,Moderate,35,Cloudy,63.27,111.24,53,2026-07-27 03:00:00
GEO-0175,Hyderabad,Telangana,North,17.392523,78.552305,Ring Road,Train,911,1014,451,60.68,Severe,6,Rain,86.94,46.63,53,2026-07-20 21:00:00
GEO-0176,Delhi,Delhi,East,28.658898,77.211184,Highway,Auto,745,772,488,75.51,High,30,Hazy,2.92,239.76,45,2026-04-07 10:00:00
GEO-0177,Hyderabad,Telangana,South,17.416897,78.523106,Expressway,Bus,323,484,365,74.98,Low,15,Rain,15.95,217.72,36,2026-07-23 10:00:00
GEO-0178,Indore,Madhya Pradesh,North,22.729592,75.802176,Main Road,E-Rickshaw,256,194,101,39.04,Moderate,45,Clear,70.81,207.98,35,2026-07-28 16:00:00
GEO-0179,Ahmedabad,Gujarat,Central,23.032581,72.554118,Highway,E-Rickshaw,246,247,385,98.4,High,32,Hazy,25.75,68.49,11,2026-05-08 06:00:00
GEO-0180,Indore,Madhya Pradesh,East,22.754887,75.856835,Highway,Metro,739,1041,292,66.53,High,16,Clear,14.84,161.4,14,2026-07-01 02:00:00
GEO-0181,Ahmedabad,Gujarat,North,22.992352,72.687348,City Road,Auto,415,365,177,39.54,Moderate,54,Clear,13.03,191.75,44,2026-07-21 21:00:00
GEO-0182,Surat,Gujarat,East,21.204575,72.841486,Highway,Metro,307,374,417,37.65,Moderate,39,Cloudy,41.85,125.56,9,2026-01-21 13:00:00
GEO-0183,Coimbatore,Tamil Nadu,North,11.044098,76.95042,Main Road,Bus,556,637,390,98.44,Low,53,Cloudy,25.59,47.68,53,2026-07-13 08:00:00
GEO-0184,Coimbatore,Tamil Nadu,North,10.975639,77.05718,Main Road,Bus,129,152,487,30.01,Moderate,35,Hazy,67.99,172.44,33,2026-07-20 07:00:00
GEO-0185,Indore,Madhya Pradesh,North,22.748507,75.83868,Highway,E-Rickshaw,894,786,106,96.79,High,33,Rain,58.46,124.26,46,2026-03-24 00:00:00
GEO-0186,Indore,Madhya Pradesh,South,22.752929,75.82337,Expressway,Train,435,453,176,86.47,High,22,Hazy,29.29,37.39,58,2026-07-15 03:00:00
GEO-0187,Hyderabad,Telangana,South,17.443995,78.496088,Ring Road,Auto,276,307,489,59.19,High,29,Cloudy,87.71,38.88,13,2026-06-29 05:00:00
GEO-0188,Visakhapatnam,Andhra Pradesh,East,17.640896,83.279398,Main Road,Metro,122,162,389,67.72,High,22,Clear,50.43,52.34,23,2026-05-15 03:00:00
GEO-0189,Pune,Maharashtra,South,18.565418,73.89411,Expressway,Train,416,390,351,87.11,Severe,16,Clear,74.11,24.83,46,2026-01-06 15:00:00
GEO-0190,Kochi,Kerala,West,9.900359,76.315275,Ring Road,Auto,162,211,382,86.64,Moderate,31,Clear,20.28,247.76,52,2026-04-17 06:00:00
GEO-0191,Surat,Gujarat,South,21.10383,72.86535,Highway,Metro,644,706,386,72.46,Severe,16,Hazy,14.86,197.0,15,2026-06-09 10:00:00
GEO-0192,Kolkata,West Bengal,West,22.581243,88.365935,Ring Road,Bus,232,252,170,78.28,High,15,Clear,41.27,46.68,41,2026-04-27 09:00:00
GEO-0193,Nagpur,Maharashtra,West,21.176171,79.092134,Ring Road,Auto,134,178,483,86.85,High,30,Hazy,94.85,203.97,35,2026-02-06 00:00:00
GEO-0194,Delhi,Delhi,South,28.675589,77.228762,Expressway,Metro,499,628,37,41.65,High,32,Hazy,97.07,197.89,29,2026-02-07 19:00:00
GEO-0195,Nagpur,Maharashtra,West,21.087067,79.107544,Highway,E-Rickshaw,714,998,328,52.53,High,31,Hazy,43.05,110.0,5,2026-08-06 20:00:00
GEO-0196,Chennai,Tamil Nadu,West,13.108978,80.208967,City Road,Metro,62,90,217,87.62,High,17,Hazy,66.9,230.14,41,2026-01-19 04:00:00
GEO-0197,Kolkata,West Bengal,West,22.626253,88.326135,Main Road,Bus,76,65,141,89.21,Moderate,55,Rain,64.07,169.27,58,2026-04-23 11:00:00
GEO-0198,Visakhapatnam,Andhra Pradesh,South,17.678306,83.243198,Expressway,Auto,345,269,227,73.06,High,25,Cloudy,96.76,217.73,24,2026-05-23 22:00:00
GEO-0199,Ahmedabad,Gujarat,South,23.044529,72.560265,Ring Road,Bus,158,198,369,49.01,Severe,7,Hazy,41.61,242.77,35,2026-07-31 05:00:00
GEO-0200,Kochi,Kerala,East,9.908721,76.256556,City Road,Taxi,304,229,412,68.43,High,16,Hazy,90.56,184.74,49,2026-07-27 02:00:00
GEO-0201,Surat,Gujarat,Central,21.116266,72.836599,Ring Road,Auto,121,158,339,76.82,Moderate,47,Clear,98.27,108.59,17,2026-06-11 15:00:00
GEO-0202,Hyderabad,Telangana,West,17.480568,78.430547,Main Road,Taxi,786,1043,495,82.36,Low,5,Hazy,51.94,195.52,38,2026-03-17 05:00:00
GEO-0203,Delhi,Delhi,North,28.556251,77.282063,Highway,Taxi,468,455,316,33.69,High,15,Rain,59.3,244.71,20,2026-05-24 02:00:00
GEO-0204,Mumbai,Maharashtra,West,19.026927,72.865409,Expressway,E-Rickshaw,235,207,286,42.27,High,19,Rain,33.57,111.16,53,2026-01-19 12:00:00
GEO-0205,Chennai,Tamil Nadu,West,13.018332,80.295055,Main Road,Metro,493,430,342,41.38,Severe,18,Hazy,69.86,212.79,29,2026-03-31 01:00:00
GEO-0206,Kolkata,West Bengal,East,22.618154,88.291049,Main Road,Train,807,1082,138,69.05,Severe,11,Rain,73.78,228.33,51,2026-06-10 00:00:00
GEO-0207,Surat,Gujarat,Central,21.097492,72.945121,Ring Road,Bus,368,504,247,72.22,Moderate,32,Cloudy,88.35,225.91,35,2026-04-14 08:00:00
GEO-0208,Kochi,Kerala,North,9.94612,76.241315,Main Road,Auto,988,1103,485,32.02,Moderate,41,Cloudy,23.19,211.7,53,2026-02-04 09:00:00
GEO-0209,Kolkata,West Bengal,South,22.538907,88.334268,City Road,Bus,684,716,219,53.32,High,29,Clear,12.56,108.14,42,2026-04-10 04:00:00
GEO-0210,Nagpur,Maharashtra,West,21.176144,79.053461,Highway,Auto,397,328,132,27.3,High,31,Clear,0.17,211.91,13,2026-01-28 12:00:00
GEO-0211,Coimbatore,Tamil Nadu,South,10.992191,77.048595,Highway,Auto,361,283,322,56.92,Moderate,48,Clear,69.21,216.4,22,2026-02-06 19:00:00
GEO-0212,Mumbai,Maharashtra,Central,19.001511,72.961005,Main Road,Taxi,753,812,235,27.35,High,32,Hazy,52.4,59.21,15,2026-06-28 05:00:00
GEO-0213,Ahmedabad,Gujarat,East,23.072115,72.545921,Main Road,Auto,800,1018,475,15.26,Moderate,50,Rain,56.08,241.71,20,2026-02-08 20:00:00
GEO-0214,Kochi,Kerala,Central,9.903281,76.391067,Expressway,Auto,196,208,122,25.57,Moderate,37,Rain,73.21,174.99,15,2026-01-17 22:00:00
GEO-0215,Visakhapatnam,Andhra Pradesh,Central,17.693831,83.239694,Ring Road,Metro,637,889,36,66.04,Moderate,40,Rain,96.16,50.97,42,2026-05-17 05:00:00
GEO-0216,Nagpur,Maharashtra,North,21.172418,79.181629,Main Road,Bus,868,992,232,72.44,Moderate,37,Rain,98.05,213.04,5,2026-05-06 00:00:00
GEO-0217,Delhi,Delhi,West,28.627798,77.250806,Expressway,Auto,189,179,165,93.97,High,34,Clear,3.31,230.79,26,2026-02-23 03:00:00
GEO-0218,Lucknow,Uttar Pradesh,Central,26.811761,80.961371,Expressway,Taxi,161,221,254,81.33,High,34,Rain,66.84,84.27,13,2026-06-08 14:00:00
GEO-0219,Mumbai,Maharashtra,East,19.084965,72.875078,Ring Road,Taxi,582,862,406,58.71,Moderate,53,Cloudy,65.14,159.91,50,2026-02-22 22:00:00
GEO-0220,Pune,Maharashtra,East,18.553359,73.783427,Highway,Metro,174,169,397,94.86,Moderate,55,Rain,17.52,79.69,43,2026-01-19 17:00:00
GEO-0221,Bengaluru,Karnataka,West,12.957627,77.642371,City Road,Taxi,267,272,328,74.29,Moderate,35,Cloudy,28.85,225.37,57,2026-07-28 08:00:00
GEO-0222,Visakhapatnam,Andhra Pradesh,Central,17.664255,83.242588,Highway,Train,208,193,96,71.6,High,15,Hazy,37.8,218.68,9,2026-04-01 21:00:00
GEO-0223,Hyderabad,Telangana,North,17.390716,78.508215,Expressway,E-Rickshaw,866,929,161,90.15,Moderate,47,Clear,45.79,25.06,7,2026-01-15 06:00:00
GEO-0224,Bengaluru,Karnataka,North,12.990012,77.656744,Main Road,E-Rickshaw,279,346,137,36.35,High,34,Hazy,59.9,239.09,14,2026-05-31 21:00:00
GEO-0225,Kochi,Kerala,Central,10.006697,76.279202,Expressway,Train,693,796,181,50.27,Moderate,31,Hazy,28.4,241.52,31,2026-05-04 12:00:00
GEO-0226,Nagpur,Maharashtra,West,21.087812,79.065558,Ring Road,Train,805,1137,341,49.68,Moderate,51,Hazy,36.1,226.33,11,2026-05-29 07:00:00
GEO-0227,Surat,Gujarat,West,21.168029,72.873106,City Road,E-Rickshaw,936,1051,209,95.43,High,18,Rain,53.0,140.87,14,2026-03-17 14:00:00
GEO-0228,Delhi,Delhi,Central,28.683577,77.189333,Highway,Bus,184,273,450,86.06,Moderate,42,Clear,28.96,169.41,57,2026-06-19 23:00:00
GEO-0229,Surat,Gujarat,Central,21.178456,72.875511,Main Road,Auto,346,446,358,36.8,Moderate,41,Clear,3.95,75.64,18,2026-05-01 12:00:00
GEO-0230,Lucknow,Uttar Pradesh,East,26.928521,80.95412,City Road,Metro,911,1302,357,22.7,High,28,Clear,41.32,111.65,25,2026-01-18 19:00:00
GEO-0231,Coimbatore,Tamil Nadu,Central,10.906805,76.902117,Ring Road,Taxi,578,588,260,77.77,Severe,10,Rain,37.52,180.68,26,2026-07-31 14:00:00
GEO-0232,Kolkata,West Bengal,Central,22.496059,88.406093,Ring Road,Bus,503,459,406,38.83,Moderate,44,Cloudy,73.36,230.63,51,2026-06-29 13:00:00
GEO-0233,Lucknow,Uttar Pradesh,West,26.861915,80.989524,City Road,Bus,180,260,57,82.89,Moderate,52,Rain,63.61,27.64,36,2026-04-28 21:00:00
GEO-0234,Kochi,Kerala,East,9.920043,76.329539,Main Road,Taxi,243,216,120,27.73,Moderate,52,Rain,84.72,98.21,8,2026-05-07 08:00:00
GEO-0235,Kochi,Kerala,Central,9.972429,76.280217,Ring Road,Auto,710,913,464,83.64,Moderate,46,Hazy,68.54,240.14,48,2026-03-20 01:00:00
GEO-0236,Hyderabad,Telangana,North,17.450788,78.503307,Highway,Metro,92,94,241,48.64,High,33,Cloudy,9.24,154.69,25,2026-01-19 11:00:00
GEO-0237,Ahmedabad,Gujarat,South,23.058343,72.580631,Expressway,Auto,785,1158,379,61.24,High,28,Cloudy,23.38,136.35,35,2026-04-19 21:00:00
GEO-0238,Coimbatore,Tamil Nadu,West,11.009184,76.930897,Main Road,Taxi,542,543,252,90.24,High,22,Clear,37.27,208.77,32,2026-05-10 17:00:00
GEO-0239,Surat,Gujarat,North,21.166623,72.865554,Main Road,Train,105,147,263,20.3,High,19,Clear,85.3,229.46,40,2026-01-29 12:00:00
GEO-0240,Delhi,Delhi,Central,28.606564,77.218591,Main Road,Bus,823,914,299,67.65,Low,36,Clear,91.02,215.33,51,2026-06-08 17:00:00
GEO-0241,Delhi,Delhi,South,28.605364,77.198603,Main Road,Bus,721,953,332,36.11,High,19,Clear,84.59,220.53,54,2026-05-12 09:00:00
GEO-0242,Kochi,Kerala,Central,9.959446,76.349741,City Road,E-Rickshaw,237,212,447,90.83,High,29,Cloudy,59.24,61.7,6,2026-01-16 22:00:00
GEO-0243,Ahmedabad,Gujarat,East,23.039976,72.615861,Highway,E-Rickshaw,351,390,128,41.03,High,29,Clear,64.39,196.34,28,2026-02-15 04:00:00
GEO-0244,Hyderabad,Telangana,East,17.418584,78.402125,Highway,Metro,136,136,151,33.05,High,32,Cloudy,68.43,116.6,37,2026-04-28 15:00:00
GEO-0245,Mumbai,Maharashtra,North,19.063515,72.890241,Main Road,Train,556,742,182,16.67,High,20,Hazy,51.13,152.43,49,2026-01-24 13:00:00
GEO-0246,Delhi,Delhi,Central,28.603062,77.163017,Expressway,Bus,622,844,124,38.67,High,32,Cloudy,79.1,97.51,29,2026-03-30 19:00:00
GEO-0247,Ahmedabad,Gujarat,South,22.966916,72.615694,Expressway,Taxi,311,372,391,90.66,Moderate,53,Cloudy,14.43,92.38,40,2026-03-10 03:00:00
GEO-0248,Kolkata,West Bengal,North,22.612067,88.371734,Ring Road,E-Rickshaw,966,1341,215,61.61,High,33,Rain,7.61,44.09,42,2026-03-21 19:00:00
GEO-0249,Bengaluru,Karnataka,West,12.96119,77.586603,Highway,Metro,372,332,259,46.74,Severe,11,Rain,7.46,110.31,21,2026-05-09 06:00:00
GEO-0250,Pune,Maharashtra,North,18.514033,73.833566,Expressway,Auto,144,123,351,61.48,High,18,Rain,99.51,195.35,43,2026-04-11 10:00:00
GEO-0251,Ahmedabad,Gujarat,Central,23.051497,72.545963,Highway,Metro,209,252,159,92.97,High,20,Rain,51.53,210.95,24,2026-05-18 05:00:00
GEO-0252,Surat,Gujarat,West,21.182003,72.788573,Ring Road,Metro,798,867,202,73.21,Low,31,Cloudy,92.7,196.01,50,2026-02-05 02:00:00
GEO-0253,Nagpur,Maharashtra,East,21.16818,79.1033,Ring Road,Auto,487,593,487,73.01,Moderate,39,Clear,44.87,162.15,52,2026-05-12 16:00:00
GEO-0254,Kolkata,West Bengal,West,22.562235,88.368883,Highway,Train,91,84,436,75.76,Moderate,36,Rain,48.82,50.61,52,2026-06-16 18:00:00
GEO-0255,Coimbatore,Tamil Nadu,Central,11.027554,76.954071,Expressway,Taxi,846,1052,468,41.02,Moderate,31,Cloudy,57.91,213.71,20,2026-07-17 07:00:00
GEO-0256,Pune,Maharashtra,Central,18.591668,73.799953,City Road,Taxi,767,619,317,19.01,Severe,18,Cloudy,27.42,151.81,6,2026-04-04 05:00:00
GEO-0257,Kochi,Kerala,Central,10.011597,76.247938,Expressway,Taxi,957,1045,175,42.57,Severe,18,Rain,49.2,84.48,49,2026-05-11 19:00:00
GEO-0258,Bengaluru,Karnataka,West,13.034334,77.584095,Expressway,Train,467,490,422,91.97,High,23,Clear,81.25,76.81,16,2026-04-18 09:00:00
GEO-0259,Kochi,Kerala,East,9.926913,76.287113,City Road,E-Rickshaw,661,653,180,45.56,High,27,Cloudy,42.42,123.3,18,2026-07-10 01:00:00
GEO-0260,Kochi,Kerala,East,9.965215,76.303574,Expressway,Bus,993,1481,194,45.23,High,29,Hazy,91.23,39.45,14,2026-03-02 16:00:00
GEO-0261,Lucknow,Uttar Pradesh,West,26.822336,80.982093,Ring Road,Bus,466,441,470,39.46,Low,61,Hazy,67.0,249.64,54,2026-05-25 20:00:00
GEO-0262,Delhi,Delhi,East,28.568162,77.169654,Ring Road,Taxi,407,394,300,41.89,Severe,11,Hazy,95.32,117.69,60,2026-07-02 15:00:00
GEO-0263,Chennai,Tamil Nadu,Central,13.181738,80.316233,Main Road,Taxi,619,511,453,61.85,High,20,Rain,14.5,90.52,8,2026-01-03 21:00:00
GEO-0264,Bengaluru,Karnataka,Central,13.063185,77.631287,Ring Road,Bus,673,747,56,40.84,Low,42,Rain,61.24,44.36,44,2026-07-17 11:00:00
GEO-0265,Mumbai,Maharashtra,North,19.110936,72.876137,Highway,Train,680,856,480,95.44,Moderate,41,Clear,38.08,204.9,13,2026-06-25 18:00:00
GEO-0266,Jaipur,Rajasthan,North,26.804706,75.812265,Expressway,E-Rickshaw,709,881,15,16.41,Low,25,Clear,12.73,187.36,19,2026-06-01 06:00:00
GEO-0267,Surat,Gujarat,East,21.237159,72.858947,Main Road,E-Rickshaw,758,1098,107,84.65,High,34,Hazy,84.15,227.55,42,2026-03-13 12:00:00
GEO-0268,Pune,Maharashtra,South,18.508612,73.899285,Ring Road,Auto,775,599,91,22.02,High,22,Hazy,57.82,249.64,19,2026-02-03 13:00:00
GEO-0269,Surat,Gujarat,South,21.172216,72.835997,Highway,Taxi,925,1371,68,48.86,Moderate,42,Hazy,43.32,44.96,47,2026-03-13 18:00:00
GEO-0270,Indore,Madhya Pradesh,Central,22.742727,75.73072,City Road,Train,208,170,369,95.03,High,22,Clear,35.25,27.82,17,2026-07-05 19:00:00
GEO-0271,Pune,Maharashtra,East,18.61062,73.846446,City Road,Bus,969,1063,409,30.06,High,17,Hazy,90.79,219.93,56,2026-08-02 03:00:00
GEO-0272,Kochi,Kerala,North,9.927448,76.210646,Main Road,E-Rickshaw,793,723,179,36.13,Moderate,40,Rain,42.75,53.65,43,2026-07-20 13:00:00
GEO-0273,Jaipur,Rajasthan,East,26.880715,75.701713,Highway,Auto,477,509,238,58.31,High,21,Cloudy,97.42,231.47,17,2026-01-10 00:00:00
GEO-0274,Bengaluru,Karnataka,East,12.940535,77.609257,Ring Road,Auto,910,989,484,35.58,High,24,Clear,31.32,115.93,29,2026-03-26 04:00:00
GEO-0275,Jaipur,Rajasthan,East,26.938483,75.835677,Ring Road,Train,163,231,265,47.53,High,31,Rain,82.66,215.22,17,2026-01-27 23:00:00
GEO-0276,Coimbatore,Tamil Nadu,South,11.087939,77.006054,Highway,Metro,398,309,392,67.27,High,27,Cloudy,20.8,21.38,16,2026-05-27 10:00:00
GEO-0277,Delhi,Delhi,East,28.645566,77.155735,Main Road,Bus,828,1126,205,41.7,Low,49,Hazy,75.48,46.75,47,2026-05-23 21:00:00
GEO-0278,Surat,Gujarat,East,21.254903,72.8139,Main Road,Taxi,657,610,127,83.74,High,17,Cloudy,88.0,58.88,20,2026-01-01 20:00:00
GEO-0279,Mumbai,Maharashtra,South,19.075306,72.913755,Highway,Taxi,507,566,218,61.06,Moderate,41,Cloudy,23.62,95.19,17,2026-04-26 01:00:00
GEO-0280,Visakhapatnam,Andhra Pradesh,Central,17.731567,83.207373,City Road,Bus,118,169,403,93.05,Low,54,Rain,73.1,230.07,26,2026-01-21 00:00:00
GEO-0281,Nagpur,Maharashtra,East,21.109925,79.116565,City Road,Metro,786,609,36,52.94,High,35,Rain,67.48,162.87,60,2026-04-15 12:00:00
GEO-0282,Indore,Madhya Pradesh,West,22.721992,75.846964,Expressway,Taxi,117,170,122,27.97,High,34,Clear,74.53,242.09,52,2026-04-25 23:00:00
GEO-0283,Ahmedabad,Gujarat,South,23.0569,72.623042,Highway,Taxi,785,729,163,47.02,High,35,Clear,2.63,246.94,14,2026-05-09 06:00:00
GEO-0284,Jaipur,Rajasthan,West,26.885114,75.760203,City Road,Bus,805,807,449,81.73,High,35,Cloudy,60.09,43.54,37,2026-04-27 11:00:00
GEO-0285,Coimbatore,Tamil Nadu,Central,11.04657,76.978529,Ring Road,Bus,322,331,248,20.77,Moderate,33,Clear,49.66,73.27,37,2026-02-28 22:00:00
GEO-0286,Lucknow,Uttar Pradesh,East,26.857209,80.875916,Ring Road,Train,586,461,382,49.62,High,27,Rain,12.42,34.01,22,2026-01-08 15:00:00
GEO-0287,Delhi,Delhi,East,28.614901,77.179051,Main Road,Metro,427,345,374,57.92,High,24,Rain,74.43,176.34,37,2026-06-27 05:00:00
GEO-0288,Kolkata,West Bengal,North,22.534567,88.321712,Expressway,Train,201,215,389,92.29,Moderate,38,Rain,31.8,245.23,58,2026-06-05 21:00:00
GEO-0289,Lucknow,Uttar Pradesh,Central,26.874325,80.985382,City Road,Taxi,730,978,399,98.37,High,21,Hazy,55.97,197.89,5,2026-04-02 16:00:00
GEO-0290,Ahmedabad,Gujarat,South,23.022627,72.576493,Ring Road,Metro,346,321,410,57.52,Moderate,50,Rain,55.78,46.91,17,2026-04-28 12:00:00
GEO-0291,Lucknow,Uttar Pradesh,South,26.847834,80.941023,Expressway,Taxi,448,656,152,42.12,Low,16,Rain,33.52,152.79,22,2026-03-10 03:00:00
GEO-0292,Mumbai,Maharashtra,East,19.098137,72.924166,Ring Road,Taxi,176,241,80,80.16,Moderate,41,Cloudy,77.06,167.56,54,2026-02-02 07:00:00
GEO-0293,Kochi,Kerala,South,9.946639,76.238879,Highway,Auto,970,1277,224,17.22,High,18,Clear,21.39,102.3,49,2026-07-23 21:00:00
GEO-0294,Pune,Maharashtra,West,18.575746,73.816806,Expressway,Bus,157,221,339,51.77,Severe,16,Rain,95.23,205.12,51,2026-01-27 13:00:00
GEO-0295,Jaipur,Rajasthan,West,26.787264,75.753483,Highway,Auto,667,840,449,40.57,Low,38,Hazy,55.48,68.79,52,2026-01-14 10:00:00
GEO-0296,Surat,Gujarat,East,21.086602,72.783699,Main Road,Auto,53,70,391,88.37,Moderate,32,Rain,64.26,53.89,41,2026-04-15 12:00:00
GEO-0297,Jaipur,Rajasthan,Central,26.867344,75.754572,Ring Road,Metro,436,595,133,60.51,High,31,Clear,85.29,116.31,43,2026-03-23 13:00:00
GEO-0298,Hyderabad,Telangana,North,17.389577,78.456089,Ring Road,E-Rickshaw,451,386,452,36.6,High,16,Rain,75.61,218.03,46,2026-04-12 06:00:00
GEO-0299,Coimbatore,Tamil Nadu,Central,11.017114,76.97143,City Road,Bus,890,1133,67,51.23,Moderate,35,Cloudy,26.31,117.66,38,2026-05-16 18:00:00
GEO-0300,Mumbai,Maharashtra,Central,19.106903,72.887395,Highway,Auto,488,640,484,17.5,Moderate,39,Rain,10.59,45.78,46,2026-02-18 19:00:00
GEO-0301,Hyderabad,Telangana,Central,17.29649,78.430579,Expressway,Metro,656,653,198,56.88,Moderate,34,Cloudy,79.09,77.47,58,2026-03-31 02:00:00
GEO-0302,Visakhapatnam,Andhra Pradesh,Central,17.654089,83.231287,Expressway,Taxi,338,325,320,98.11,High,16,Rain,54.93,93.71,52,2026-03-28 04:00:00
GEO-0303,Pune,Maharashtra,South,18.490776,73.792683,City Road,E-Rickshaw,835,1043,309,93.82,High,31,Hazy,78.65,234.51,24,2026-04-04 18:00:00
GEO-0304,Nagpur,Maharashtra,South,21.194146,79.045378,Expressway,E-Rickshaw,784,1088,430,20.23,Moderate,38,Hazy,16.04,171.01,28,2026-04-05 10:00:00
GEO-0305,Jaipur,Rajasthan,North,26.888458,75.788547,Expressway,Bus,92,132,345,20.61,Moderate,42,Clear,10.23,189.49,42,2026-06-05 15:00:00
GEO-0306,Hyderabad,Telangana,South,17.422249,78.452345,Ring Road,Train,70,87,79,53.1,Severe,16,Cloudy,10.55,145.55,36,2026-06-03 01:00:00
GEO-0307,Jaipur,Rajasthan,North,26.982425,75.821239,Highway,E-Rickshaw,350,367,64,62.86,High,32,Rain,48.43,59.36,22,2026-03-10 16:00:00
GEO-0308,Hyderabad,Telangana,West,17.462461,78.431432,Ring Road,Bus,678,684,449,81.0,High,20,Rain,58.18,101.93,46,2026-07-16 23:00:00
GEO-0309,Indore,Madhya Pradesh,South,22.691072,75.807379,Ring Road,Auto,929,705,417,19.95,Severe,18,Hazy,85.04,20.04,32,2026-01-11 05:00:00
GEO-0310,Nagpur,Maharashtra,South,21.196143,79.09163,Ring Road,Bus,237,212,210,31.98,Low,40,Clear,2.43,21.01,15,2026-07-08 13:00:00
GEO-0311,Nagpur,Maharashtra,North,21.139676,79.100546,Main Road,E-Rickshaw,533,606,478,29.82,Moderate,35,Hazy,85.73,127.58,41,2026-07-06 14:00:00
GEO-0312,Ahmedabad,Gujarat,West,22.998383,72.596036,Main Road,Metro,953,958,60,98.47,Moderate,41,Hazy,92.84,232.65,11,2026-03-21 00:00:00
GEO-0313,Ahmedabad,Gujarat,North,23.113311,72.582118,Expressway,Train,311,432,454,89.98,High,16,Cloudy,24.14,27.75,31,2026-07-23 13:00:00
GEO-0314,Mumbai,Maharashtra,North,19.099631,72.841399,Highway,Auto,198,150,489,28.35,High,34,Rain,61.18,163.37,18,2026-05-01 10:00:00
GEO-0315,Surat,Gujarat,East,21.162593,72.83954,Expressway,E-Rickshaw,182,136,408,49.76,High,16,Hazy,82.63,188.77,58,2026-05-05 07:00:00
GEO-0316,Hyderabad,Telangana,Central,17.283226,78.490738,City Road,Taxi,140,148,244,85.71,Severe,6,Clear,19.7,139.78,18,2026-06-25 10:00:00
GEO-0317,Jaipur,Rajasthan,West,26.904704,75.739988,Main Road,Train,880,672,21,44.75,High,30,Rain,90.26,94.26,10,2026-02-11 00:00:00
GEO-0318,Lucknow,Uttar Pradesh,East,26.761698,80.909035,Ring Road,E-Rickshaw,850,754,286,46.7,Low,41,Cloudy,84.28,80.19,29,2026-05-29 15:00:00
GEO-0319,Lucknow,Uttar Pradesh,North,26.869219,80.905437,Main Road,Metro,986,946,56,61.94,Moderate,38,Cloudy,51.92,78.9,30,2026-04-17 07:00:00
GEO-0320,Kolkata,West Bengal,Central,22.573043,88.33309,Expressway,Metro,678,964,38,49.83,High,31,Cloudy,33.39,213.69,33,2026-06-13 12:00:00
GEO-0321,Coimbatore,Tamil Nadu,Central,10.945683,76.922258,Highway,E-Rickshaw,894,776,109,19.6,Low,5,Cloudy,22.4,167.53,13,2026-06-12 05:00:00
GEO-0322,Indore,Madhya Pradesh,West,22.725076,75.921409,Main Road,E-Rickshaw,474,470,154,58.0,Severe,12,Clear,30.48,48.68,25,2026-04-08 13:00:00
GEO-0323,Mumbai,Maharashtra,North,19.14426,72.868582,Expressway,Train,318,420,108,50.11,Severe,14,Clear,74.83,177.46,29,2026-01-27 10:00:00
GEO-0324,Bengaluru,Karnataka,West,12.95514,77.656855,City Road,Auto,360,281,346,23.01,High,24,Clear,76.44,117.62,49,2026-04-20 02:00:00
GEO-0325,Pune,Maharashtra,South,18.503112,73.875776,Main Road,Bus,55,77,329,43.25,High,18,Clear,26.17,64.31,59,2026-08-04 08:00:00
GEO-0326,Delhi,Delhi,West,28.643553,77.152366,Highway,Bus,931,919,30,95.78,High,20,Clear,52.29,183.69,6,2026-03-24 14:00:00
GEO-0327,Bengaluru,Karnataka,Central,13.008093,77.59703,Main Road,Taxi,834,1047,250,96.08,High,34,Rain,70.51,134.3,22,2026-05-20 06:00:00
GEO-0328,Bengaluru,Karnataka,Central,12.91761,77.624357,Main Road,Taxi,679,980,267,29.15,High,18,Cloudy,61.15,27.04,11,2026-05-04 12:00:00
GEO-0329,Indore,Madhya Pradesh,North,22.690316,75.852728,Main Road,Bus,776,815,90,43.68,Moderate,30,Cloudy,95.76,61.19,14,2026-06-11 12:00:00
GEO-0330,Ahmedabad,Gujarat,East,22.988572,72.607492,Main Road,Metro,487,375,151,57.96,Low,24,Hazy,37.32,129.67,32,2026-01-30 11:00:00
GEO-0331,Visakhapatnam,Andhra Pradesh,East,17.6624,83.218294,Expressway,E-Rickshaw,386,419,425,30.8,High,29,Hazy,71.67,174.03,52,2026-04-26 02:00:00
GEO-0332,Lucknow,Uttar Pradesh,West,26.808684,80.962362,City Road,Train,191,197,421,94.79,Moderate,34,Cloudy,66.46,96.9,21,2026-07-13 04:00:00
GEO-0333,Bengaluru,Karnataka,East,13.010367,77.597505,Ring Road,Auto,436,588,199,63.51,Moderate,51,Hazy,94.66,126.66,19,2026-06-15 07:00:00
GEO-0334,Mumbai,Maharashtra,Central,19.069677,72.78391,Ring Road,Train,175,136,418,68.79,Severe,15,Hazy,49.45,44.79,51,2026-05-12 13:00:00
GEO-0335,Ahmedabad,Gujarat,South,22.999772,72.584962,Ring Road,Taxi,248,321,46,22.23,High,19,Cloudy,57.65,158.9,11,2026-06-13 06:00:00
GEO-0336,Coimbatore,Tamil Nadu,South,11.030483,76.965119,Main Road,Train,880,998,24,95.12,Low,12,Cloudy,5.56,208.48,49,2026-06-15 22:00:00
GEO-0337,Indore,Madhya Pradesh,East,22.765454,75.894756,Main Road,Auto,396,565,259,83.35,Moderate,49,Rain,91.2,241.08,30,2026-03-09 02:00:00
GEO-0338,Kochi,Kerala,North,9.964698,76.243013,Highway,Bus,835,656,459,92.09,Moderate,38,Clear,66.98,138.77,14,2026-02-17 02:00:00
GEO-0339,Delhi,Delhi,West,28.646226,77.190401,Main Road,Bus,33,45,436,22.11,High,22,Cloudy,90.45,56.22,13,2026-04-01 03:00:00
GEO-0340,Kolkata,West Bengal,North,22.591146,88.391488,City Road,Train,76,88,449,69.3,Moderate,55,Clear,86.76,36.45,17,2026-02-07 02:00:00
GEO-0341,Surat,Gujarat,South,21.118423,72.793314,City Road,Train,188,192,329,35.01,High,25,Rain,14.05,164.36,36,2026-02-01 07:00:00
GEO-0342,Kochi,Kerala,North,9.910635,76.292438,City Road,Auto,492,523,434,88.8,High,33,Clear,58.9,210.65,5,2026-07-05 13:00:00
GEO-0343,Lucknow,Uttar Pradesh,East,26.772859,80.929963,Highway,Train,470,680,463,18.05,Severe,19,Rain,67.26,235.9,19,2026-05-06 10:00:00
GEO-0344,Hyderabad,Telangana,South,17.344175,78.487371,Highway,Metro,488,577,302,92.02,High,23,Rain,73.01,88.4,34,2026-06-08 03:00:00
GEO-0345,Hyderabad,Telangana,Central,17.391695,78.567229,Expressway,Auto,593,461,428,29.83,Moderate,44,Hazy,52.44,195.91,43,2026-06-06 05:00:00
GEO-0346,Mumbai,Maharashtra,East,19.128896,72.872524,Ring Road,E-Rickshaw,416,420,399,43.71,Low,51,Cloudy,82.1,56.62,28,2026-03-10 15:00:00
GEO-0347,Pune,Maharashtra,North,18.480977,73.912379,Main Road,Taxi,768,698,147,64.85,Moderate,43,Clear,48.35,80.21,38,2026-05-29 18:00:00
GEO-0348,Kochi,Kerala,East,9.873508,76.226679,Expressway,Bus,194,262,157,41.4,Moderate,51,Clear,25.28,187.26,9,2026-02-06 00:00:00
GEO-0349,Surat,Gujarat,Central,21.222737,72.763376,Ring Road,Train,838,1184,451,31.99,Severe,8,Hazy,29.78,224.88,55,2026-03-12 13:00:00
GEO-0350,Kolkata,West Bengal,South,22.543731,88.418521,Expressway,Bus,319,280,159,16.09,High,27,Cloudy,19.0,20.71,32,2026-05-24 13:00:00
GEO-0351,Chennai,Tamil Nadu,South,13.171408,80.302947,City Road,E-Rickshaw,621,615,344,44.4,Low,56,Hazy,82.6,195.29,33,2026-07-03 13:00:00
GEO-0352,Jaipur,Rajasthan,West,26.885497,75.844607,Highway,Taxi,139,149,16,77.14,Moderate,48,Rain,58.89,25.64,50,2026-06-19 21:00:00
GEO-0353,Mumbai,Maharashtra,North,19.135014,72.884637,City Road,E-Rickshaw,228,217,331,73.18,Severe,5,Clear,3.47,54.6,5,2026-01-30 22:00:00
GEO-0354,Indore,Madhya Pradesh,West,22.767843,75.892791,Highway,Metro,664,950,377,22.5,High,27,Hazy,78.52,40.4,40,2026-06-28 15:00:00
GEO-0355,Pune,Maharashtra,Central,18.450804,73.965759,Expressway,Metro,967,1077,454,57.92,Low,59,Rain,32.12,178.84,18,2026-07-04 14:00:00
GEO-0356,Mumbai,Maharashtra,East,19.121297,72.872504,Main Road,Train,209,182,309,20.16,Moderate,55,Clear,73.32,40.04,8,2026-01-18 20:00:00
GEO-0357,Bengaluru,Karnataka,Central,12.962731,77.636285,Ring Road,Train,764,656,446,80.74,Moderate,54,Rain,72.0,208.44,24,2026-07-02 19:00:00
GEO-0358,Lucknow,Uttar Pradesh,East,26.804625,81.013279,Ring Road,Train,958,876,259,22.18,Severe,19,Hazy,35.7,122.88,34,2026-04-23 02:00:00
GEO-0359,Delhi,Delhi,South,28.710674,77.073126,Expressway,E-Rickshaw,387,330,165,39.64,Moderate,35,Hazy,47.39,166.37,15,2026-01-03 09:00:00
GEO-0360,Jaipur,Rajasthan,East,26.884105,75.853507,Ring Road,Metro,322,442,409,53.95,Severe,9,Cloudy,34.53,242.14,30,2026-01-09 00:00:00
GEO-0361,Mumbai,Maharashtra,North,19.106603,72.91666,City Road,Train,741,673,244,45.06,Low,41,Cloudy,73.56,36.48,8,2026-02-09 16:00:00
GEO-0362,Chennai,Tamil Nadu,North,13.038854,80.288818,Main Road,Train,863,1165,355,53.84,High,32,Hazy,15.48,146.38,44,2026-06-10 08:00:00
GEO-0363,Pune,Maharashtra,North,18.470534,73.871565,Highway,Train,197,262,120,65.96,Moderate,34,Hazy,0.44,96.19,31,2026-03-03 00:00:00
GEO-0364,Chennai,Tamil Nadu,West,12.996048,80.279844,Highway,Auto,168,239,165,66.68,High,33,Hazy,97.61,47.54,11,2026-03-07 23:00:00
GEO-0365,Lucknow,Uttar Pradesh,North,26.869413,80.898922,Highway,E-Rickshaw,188,271,254,90.84,Severe,18,Hazy,59.4,22.16,27,2026-07-11 05:00:00
GEO-0366,Delhi,Delhi,West,28.625804,77.193896,Main Road,Taxi,506,603,282,65.91,High,30,Cloudy,9.22,92.49,29,2026-02-17 08:00:00
GEO-0367,Visakhapatnam,Andhra Pradesh,West,17.666775,83.201978,City Road,Taxi,821,933,389,27.05,High,33,Cloudy,89.82,153.91,29,2026-07-22 16:00:00
GEO-0368,Surat,Gujarat,Central,21.207165,72.815403,Ring Road,E-Rickshaw,295,339,210,75.7,Moderate,47,Cloudy,87.98,23.28,17,2026-06-10 00:00:00
GEO-0369,Hyderabad,Telangana,West,17.379978,78.585134,City Road,Metro,812,682,55,51.64,Severe,19,Clear,2.57,234.93,50,2026-02-19 23:00:00
GEO-0370,Surat,Gujarat,Central,21.17303,72.847532,Ring Road,Bus,251,336,311,77.77,Moderate,55,Rain,25.56,197.57,54,2026-06-17 06:00:00
GEO-0371,Indore,Madhya Pradesh,North,22.718106,75.903235,Ring Road,Train,849,742,176,25.71,High,30,Clear,8.56,236.83,40,2026-01-19 05:00:00
GEO-0372,Lucknow,Uttar Pradesh,East,26.842775,80.896812,Main Road,Bus,987,821,289,96.97,High,33,Cloudy,80.32,58.55,41,2026-02-28 08:00:00
GEO-0373,Indore,Madhya Pradesh,East,22.700964,75.884925,Highway,Metro,901,874,127,72.83,Moderate,50,Cloudy,63.88,80.84,60,2026-07-07 00:00:00
GEO-0374,Surat,Gujarat,Central,21.204402,72.834784,Ring Road,Bus,866,1173,343,28.0,Moderate,54,Cloudy,90.12,109.23,48,2026-03-13 20:00:00
GEO-0375,Pune,Maharashtra,North,18.584553,73.85687,Main Road,Auto,971,898,483,41.88,Moderate,52,Rain,41.93,82.44,26,2026-05-29 21:00:00
GEO-0376,Mumbai,Maharashtra,West,19.085152,72.852469,Expressway,Taxi,136,147,328,33.71,High,29,Cloudy,84.15,49.98,18,2026-07-26 10:00:00
GEO-0377,Chennai,Tamil Nadu,East,13.1313,80.239159,Ring Road,Train,62,84,281,34.58,Low,9,Cloudy,44.8,152.39,46,2026-07-18 06:00:00
GEO-0378,Pune,Maharashtra,North,18.424079,73.844264,City Road,Taxi,752,791,188,53.18,Severe,10,Rain,22.46,27.75,46,2026-03-21 18:00:00
GEO-0379,Mumbai,Maharashtra,North,19.067939,72.978487,City Road,Auto,31,45,195,73.4,Low,15,Cloudy,73.07,48.67,28,2026-05-03 02:00:00
GEO-0380,Kochi,Kerala,Central,10.009195,76.240739,City Road,Auto,641,887,165,52.05,Severe,15,Clear,77.63,112.18,53,2026-01-22 17:00:00
GEO-0381,Mumbai,Maharashtra,North,19.053864,72.915122,Main Road,Metro,564,706,373,51.98,High,15,Hazy,64.35,197.89,12,2026-07-05 03:00:00
GEO-0382,Kolkata,West Bengal,North,22.519234,88.351962,Highway,E-Rickshaw,589,570,325,89.81,High,27,Cloudy,42.31,123.99,17,2026-04-12 19:00:00
GEO-0383,Mumbai,Maharashtra,West,19.093074,72.893035,Expressway,Auto,595,518,350,56.95,High,27,Hazy,48.96,112.18,8,2026-05-14 00:00:00
GEO-0384,Coimbatore,Tamil Nadu,Central,10.994426,76.984355,City Road,Train,507,656,180,72.68,High,16,Clear,66.92,63.99,50,2026-03-01 17:00:00
GEO-0385,Coimbatore,Tamil Nadu,East,11.076828,76.863845,Highway,Bus,396,543,135,44.63,Moderate,51,Rain,91.62,247.38,52,2026-06-11 05:00:00
GEO-0386,Hyderabad,Telangana,West,17.38238,78.47604,Ring Road,Metro,577,755,492,28.09,High,20,Clear,7.51,46.18,27,2026-05-30 04:00:00
GEO-0387,Chennai,Tamil Nadu,South,13.055574,80.216628,Expressway,E-Rickshaw,935,1060,431,20.63,High,23,Rain,53.47,149.61,32,2026-04-18 09:00:00
GEO-0388,Jaipur,Rajasthan,East,26.842864,75.791041,City Road,Metro,545,439,478,98.98,Low,38,Clear,57.56,149.7,42,2026-03-17 23:00:00
GEO-0389,Kochi,Kerala,West,9.916772,76.24458,Main Road,Taxi,341,466,473,81.34,Low,53,Hazy,58.92,148.04,32,2026-05-06 14:00:00
GEO-0390,Nagpur,Maharashtra,Central,21.100106,79.112596,Expressway,Train,437,430,177,70.92,Moderate,54,Hazy,89.72,186.01,39,2026-06-27 21:00:00
GEO-0391,Mumbai,Maharashtra,North,19.063688,72.811302,Expressway,Taxi,931,1279,382,93.69,High,27,Rain,11.11,132.51,46,2026-07-23 18:00:00
GEO-0392,Kochi,Kerala,Central,9.9289,76.260299,City Road,E-Rickshaw,355,527,128,83.94,Low,15,Hazy,26.05,218.3,25,2026-03-09 12:00:00
GEO-0393,Lucknow,Uttar Pradesh,Central,26.82282,80.877444,Expressway,Bus,552,662,388,76.78,Moderate,41,Clear,58.59,98.28,59,2026-03-22 21:00:00
GEO-0394,Pune,Maharashtra,West,18.501311,73.839983,Expressway,Taxi,941,1393,292,78.37,Moderate,45,Clear,2.26,122.92,26,2026-01-23 12:00:00
GEO-0395,Coimbatore,Tamil Nadu,Central,11.058911,76.942951,City Road,Metro,300,431,80,53.29,Low,69,Rain,16.17,71.73,20,2026-04-29 23:00:00
GEO-0396,Delhi,Delhi,East,28.603204,77.223043,Main Road,Metro,571,771,381,29.15,Moderate,43,Hazy,48.13,71.04,24,2026-04-05 08:00:00
GEO-0397,Chennai,Tamil Nadu,Central,13.044242,80.355785,Ring Road,Bus,830,875,86,36.91,Moderate,54,Rain,93.33,140.96,14,2026-05-20 07:00:00
GEO-0398,Nagpur,Maharashtra,South,21.241299,79.10048,Main Road,Auto,799,1005,439,84.73,Moderate,49,Clear,58.94,110.87,55,2026-06-12 09:00:00
GEO-0399,Lucknow,Uttar Pradesh,South,26.911495,80.93129,Expressway,Bus,98,112,106,51.52,Moderate,48,Clear,48.02,81.6,31,2026-02-23 04:00:00
GEO-0400,Surat,Gujarat,East,21.192153,72.810551,City Road,Train,729,723,152,81.95,Low,21,Clear,84.01,243.69,24,2026-03-09 08:00:00
GEO-0401,Indore,Madhya Pradesh,North,22.813537,75.93155,Main Road,Train,670,636,441,49.81,Low,41,Hazy,36.38,149.03,25,2026-03-03 03:00:00
GEO-0402,Chennai,Tamil Nadu,North,13.086902,80.259745,Ring Road,E-Rickshaw,787,615,83,81.45,High,32,Clear,4.59,32.77,60,2026-01-27 07:00:00
GEO-0403,Hyderabad,Telangana,South,17.31692,78.446756,Expressway,Auto,203,282,347,48.6,High,27,Rain,8.2,249.24,7,2026-05-10 13:00:00
GEO-0404,Jaipur,Rajasthan,East,26.957341,75.772763,Highway,Bus,663,630,454,61.97,Low,22,Rain,30.79,148.29,58,2026-01-08 06:00:00
GEO-0405,Visakhapatnam,Andhra Pradesh,North,17.67057,83.128748,City Road,E-Rickshaw,797,1026,337,96.91,High,33,Cloudy,62.64,86.35,16,2026-05-02 18:00:00
GEO-0406,Surat,Gujarat,East,21.21366,72.774463,Main Road,Taxi,451,392,111,71.98,Severe,20,Cloudy,90.77,79.25,39,2026-02-19 12:00:00
GEO-0407,Bengaluru,Karnataka,West,13.004678,77.616037,City Road,Taxi,216,201,213,85.87,Severe,6,Cloudy,77.7,130.54,19,2026-03-23 22:00:00
GEO-0408,Nagpur,Maharashtra,West,21.1605,79.070572,Main Road,Metro,865,1262,484,17.83,Moderate,43,Cloudy,28.73,155.2,52,2026-02-10 18:00:00
GEO-0409,Hyderabad,Telangana,South,17.313463,78.440487,Highway,E-Rickshaw,793,606,48,49.63,High,20,Cloudy,8.79,181.02,36,2026-03-16 19:00:00
GEO-0410,Delhi,Delhi,East,28.616145,77.196231,Expressway,E-Rickshaw,732,1004,61,22.44,Low,51,Clear,86.47,206.89,53,2026-03-26 14:00:00
GEO-0411,Surat,Gujarat,South,21.154897,72.856946,Ring Road,E-Rickshaw,961,1329,72,66.88,High,16,Hazy,91.25,205.35,12,2026-03-30 10:00:00
GEO-0412,Kochi,Kerala,South,9.905193,76.302412,Highway,Taxi,26,37,41,94.68,High,30,Rain,4.07,229.47,32,2026-05-20 05:00:00
GEO-0413,Chennai,Tamil Nadu,South,13.116231,80.251516,City Road,Taxi,116,138,495,57.29,Moderate,33,Cloudy,86.96,38.15,5,2026-04-24 04:00:00
GEO-0414,Hyderabad,Telangana,South,17.341875,78.514379,Ring Road,Bus,846,988,93,23.25,Moderate,49,Cloudy,5.02,113.07,18,2026-04-21 22:00:00
GEO-0415,Surat,Gujarat,West,21.158452,72.863707,Main Road,Train,317,393,280,21.68,High,33,Hazy,78.82,137.23,38,2026-06-09 13:00:00
GEO-0416,Delhi,Delhi,East,28.57311,77.142869,Main Road,Auto,40,38,193,93.63,Moderate,40,Rain,46.31,140.09,44,2026-04-30 19:00:00
GEO-0417,Mumbai,Maharashtra,North,19.094396,72.819503,Expressway,Train,291,337,228,18.48,High,21,Hazy,85.64,48.91,29,2026-05-18 23:00:00
GEO-0418,Lucknow,Uttar Pradesh,South,26.887072,80.947014,Ring Road,Taxi,717,918,333,59.75,Low,18,Hazy,81.28,61.91,27,2026-07-17 12:00:00
GEO-0419,Bengaluru,Karnataka,Central,13.060077,77.56815,Ring Road,Taxi,32,33,119,44.67,Moderate,39,Rain,31.89,238.77,24,2026-01-07 10:00:00
GEO-0420,Delhi,Delhi,East,28.636458,77.201654,City Road,Metro,498,635,500,98.88,High,35,Cloudy,76.47,61.62,31,2026-03-14 00:00:00
GEO-0421,Visakhapatnam,Andhra Pradesh,East,17.764523,83.174446,City Road,Taxi,804,1118,140,44.75,Moderate,41,Rain,58.17,101.34,54,2026-04-29 10:00:00
GEO-0422,Hyderabad,Telangana,North,17.440279,78.468887,Highway,Metro,511,578,45,68.1,Low,5,Rain,62.31,158.9,35,2026-05-09 16:00:00
GEO-0423,Chennai,Tamil Nadu,North,13.05625,80.273942,Main Road,Bus,984,876,226,21.47,High,18,Hazy,6.62,72.85,53,2026-03-14 03:00:00
GEO-0424,Nagpur,Maharashtra,East,21.09223,79.016136,Main Road,Bus,79,85,334,97.34,Moderate,34,Rain,7.1,120.88,58,2026-07-17 17:00:00
GEO-0425,Surat,Gujarat,East,21.204392,72.802801,Highway,E-Rickshaw,60,50,24,52.1,High,35,Clear,70.04,26.08,19,2026-01-16 02:00:00
GEO-0426,Kolkata,West Bengal,Central,22.561243,88.304778,Main Road,Auto,363,307,438,51.8,High,28,Clear,79.24,214.38,59,2026-01-06 11:00:00
GEO-0427,Kochi,Kerala,East,9.903512,76.247908,Ring Road,Train,439,564,348,88.72,Low,49,Rain,4.24,75.05,9,2026-01-01 16:00:00
GEO-0428,Chennai,Tamil Nadu,South,13.114365,80.269838,Highway,Auto,832,1216,61,42.72,Severe,18,Cloudy,78.82,126.36,37,2026-02-10 20:00:00
GEO-0429,Lucknow,Uttar Pradesh,Central,26.855406,80.967532,City Road,Taxi,349,284,84,44.43,High,28,Hazy,63.67,240.63,52,2026-03-01 18:00:00
GEO-0430,Jaipur,Rajasthan,South,26.94879,75.699393,Main Road,Auto,390,325,426,78.04,Severe,17,Cloudy,99.64,64.31,49,2026-04-12 03:00:00
GEO-0431,Jaipur,Rajasthan,South,26.911689,75.754166,Highway,Auto,291,352,34,79.42,High,19,Cloudy,65.1,187.81,34,2026-02-14 08:00:00
GEO-0432,Bengaluru,Karnataka,West,13.009407,77.628146,Expressway,Taxi,53,46,142,28.68,Low,14,Hazy,94.15,178.0,48,2026-03-12 14:00:00
GEO-0433,Coimbatore,Tamil Nadu,North,11.040803,76.930376,Ring Road,E-Rickshaw,793,622,11,56.53,Severe,20,Clear,35.89,172.15,48,2026-03-31 14:00:00
GEO-0434,Kolkata,West Bengal,Central,22.551682,88.308317,Expressway,E-Rickshaw,390,465,87,51.66,Low,39,Clear,49.27,57.14,39,2026-06-16 04:00:00
GEO-0435,Bengaluru,Karnataka,South,12.886782,77.556403,City Road,Bus,469,690,217,51.82,Moderate,35,Hazy,65.08,211.39,48,2026-04-17 04:00:00
GEO-0436,Indore,Madhya Pradesh,West,22.761687,75.799498,Ring Road,Taxi,806,793,441,56.73,Low,45,Cloudy,72.49,182.51,5,2026-04-24 20:00:00
GEO-0437,Pune,Maharashtra,West,18.489362,73.894984,City Road,E-Rickshaw,547,599,52,54.77,Moderate,34,Rain,53.65,86.14,30,2026-07-12 08:00:00
GEO-0438,Lucknow,Uttar Pradesh,South,26.843631,80.891093,Ring Road,Taxi,490,383,314,61.9,Severe,11,Cloudy,38.58,66.13,12,2026-04-19 16:00:00
GEO-0439,Chennai,Tamil Nadu,South,13.138578,80.295469,Ring Road,Taxi,101,107,212,82.97,High,17,Hazy,14.63,44.21,18,2026-07-22 22:00:00
GEO-0440,Hyderabad,Telangana,North,17.418016,78.562246,Highway,E-Rickshaw,889,1202,415,76.58,Moderate,34,Hazy,95.48,70.86,59,2026-04-19 15:00:00
GEO-0441,Lucknow,Uttar Pradesh,North,26.861818,80.988584,Ring Road,Auto,735,837,138,80.24,High,30,Rain,16.32,207.26,13,2026-03-04 20:00:00
GEO-0442,Indore,Madhya Pradesh,West,22.678187,75.839428,Ring Road,Auto,478,442,222,17.27,Low,38,Clear,24.91,32.08,34,2026-02-04 03:00:00
GEO-0443,Kochi,Kerala,West,9.956808,76.307217,Ring Road,Taxi,845,956,40,69.02,High,30,Cloudy,68.11,112.18,34,2026-06-09 04:00:00
GEO-0444,Visakhapatnam,Andhra Pradesh,North,17.744636,83.265845,Ring Road,Bus,406,423,197,73.02,High,33,Clear,42.73,158.94,39,2026-05-30 22:00:00
GEO-0445,Bengaluru,Karnataka,West,12.908009,77.594303,Main Road,Metro,331,441,358,79.2,Moderate,34,Hazy,82.86,141.7,58,2026-01-08 00:00:00
GEO-0446,Ahmedabad,Gujarat,Central,23.070403,72.544615,Main Road,Taxi,137,116,329,19.17,High,35,Hazy,25.04,177.23,21,2026-03-15 19:00:00
GEO-0447,Surat,Gujarat,Central,21.236094,72.727223,Highway,Taxi,929,1000,475,28.37,Moderate,45,Rain,28.78,114.44,24,2026-02-07 19:00:00
GEO-0448,Ahmedabad,Gujarat,Central,23.035772,72.552059,Main Road,Metro,856,1143,134,76.65,Moderate,33,Hazy,64.56,27.51,29,2026-05-07 23:00:00
GEO-0449,Nagpur,Maharashtra,Central,21.097351,79.130815,Highway,Train,480,360,400,98.37,Moderate,52,Cloudy,5.75,145.07,15,2026-04-12 09:00:00
GEO-0450,Hyderabad,Telangana,North,17.427356,78.48766,Expressway,Train,834,781,361,97.53,Moderate,40,Clear,12.24,188.87,59,2026-02-25 18:00:00
GEO-0451,Mumbai,Maharashtra,North,19.050763,72.895897,Highway,Taxi,385,418,393,65.41,Severe,16,Clear,64.95,100.62,7,2026-03-29 16:00:00
GEO-0452,Jaipur,Rajasthan,East,26.954213,75.783387,Ring Road,Metro,356,427,252,34.29,Moderate,48,Cloudy,53.58,138.72,9,2026-05-07 15:00:00
GEO-0453,Chennai,Tamil Nadu,South,13.149429,80.244917,Ring Road,Train,388,387,246,38.74,Severe,9,Hazy,28.62,60.49,11,2026-06-30 20:00:00
GEO-0454,Visakhapatnam,Andhra Pradesh,West,17.662811,83.198836,City Road,Train,643,861,113,19.71,Moderate,37,Rain,59.16,217.91,22,2026-04-29 04:00:00
GEO-0455,Nagpur,Maharashtra,Central,21.206471,79.149408,Ring Road,Metro,129,149,226,99.78,Moderate,49,Cloudy,85.41,172.72,21,2026-07-25 20:00:00
GEO-0456,Chennai,Tamil Nadu,North,13.060764,80.193034,Ring Road,Auto,296,273,225,37.41,Moderate,53,Clear,5.07,159.01,56,2026-05-20 22:00:00
GEO-0457,Bengaluru,Karnataka,South,12.937626,77.655003,City Road,Taxi,232,208,153,21.19,Low,46,Hazy,59.38,152.93,7,2026-01-16 16:00:00
GEO-0458,Ahmedabad,Gujarat,West,23.045274,72.588845,Expressway,Train,759,741,152,64.47,Low,54,Cloudy,18.21,88.79,15,2026-04-28 00:00:00
GEO-0459,Kochi,Kerala,South,9.926225,76.309141,Main Road,Taxi,332,288,371,38.81,Moderate,51,Clear,93.12,89.64,14,2026-03-17 08:00:00
GEO-0460,Coimbatore,Tamil Nadu,West,11.08347,76.869991,Ring Road,Taxi,961,914,324,70.77,Moderate,50,Clear,50.03,91.43,24,2026-06-01 17:00:00
GEO-0461,Visakhapatnam,Andhra Pradesh,East,17.67012,83.217571,Highway,Bus,731,793,242,26.16,Moderate,36,Cloudy,29.45,214.74,54,2026-05-24 18:00:00
GEO-0462,Visakhapatnam,Andhra Pradesh,South,17.72065,83.280615,Highway,Auto,561,663,355,40.26,Moderate,51,Cloudy,53.9,190.79,43,2026-04-25 17:00:00
GEO-0463,Lucknow,Uttar Pradesh,East,26.846811,80.937459,Highway,E-Rickshaw,436,596,398,66.2,High,28,Clear,16.05,80.79,18,2026-07-31 05:00:00
GEO-0464,Nagpur,Maharashtra,North,21.259042,79.130162,Ring Road,Auto,838,1002,94,58.35,Moderate,41,Hazy,27.33,82.75,31,2026-07-22 23:00:00
GEO-0465,Ahmedabad,Gujarat,East,23.038874,72.556483,City Road,E-Rickshaw,53,61,400,41.53,High,31,Cloudy,4.79,68.9,14,2026-06-10 16:00:00
GEO-0466,Bengaluru,Karnataka,Central,12.962699,77.608691,City Road,Metro,151,197,437,99.96,Severe,14,Hazy,90.04,72.49,30,2026-04-21 22:00:00
GEO-0467,Bengaluru,Karnataka,North,12.997894,77.611741,Highway,E-Rickshaw,268,371,166,70.83,High,35,Hazy,76.55,245.86,32,2026-07-02 04:00:00
GEO-0468,Delhi,Delhi,Central,28.654052,77.204284,Expressway,Train,124,167,53,62.66,High,19,Clear,17.31,117.96,33,2026-02-15 10:00:00
GEO-0469,Surat,Gujarat,North,21.140287,72.805876,Ring Road,Taxi,934,919,252,46.9,Moderate,41,Rain,28.96,213.87,7,2026-05-17 02:00:00
GEO-0470,Nagpur,Maharashtra,Central,21.211259,79.08447,Ring Road,E-Rickshaw,28,23,433,69.94,High,29,Clear,0.3,65.85,54,2026-06-23 01:00:00
GEO-0471,Kolkata,West Bengal,West,22.558742,88.385403,Expressway,Auto,540,631,385,96.53,Moderate,46,Hazy,85.41,139.28,37,2026-07-08 09:00:00
GEO-0472,Delhi,Delhi,North,28.638204,77.211293,Expressway,Taxi,177,239,237,15.14,Moderate,36,Rain,4.9,153.67,15,2026-06-06 16:00:00
GEO-0473,Visakhapatnam,Andhra Pradesh,Central,17.644092,83.287302,Ring Road,Bus,93,123,176,19.02,Moderate,40,Hazy,39.44,163.05,24,2026-04-19 06:00:00
GEO-0474,Kochi,Kerala,North,9.885921,76.248658,Highway,E-Rickshaw,431,414,247,88.13,Severe,13,Hazy,57.24,33.76,25,2026-03-18 23:00:00
GEO-0475,Indore,Madhya Pradesh,Central,22.655785,75.782105,Main Road,Auto,36,29,305,76.95,Moderate,54,Hazy,66.34,136.57,7,2026-03-31 09:00:00
GEO-0476,Surat,Gujarat,West,21.160721,72.690275,Main Road,Metro,705,532,366,66.84,Severe,11,Hazy,73.8,28.12,28,2026-04-01 06:00:00
GEO-0477,Visakhapatnam,Andhra Pradesh,East,17.686014,83.141353,Main Road,Bus,850,889,195,65.0,High,17,Clear,43.05,118.28,41,2026-05-15 11:00:00
GEO-0478,Nagpur,Maharashtra,East,21.072028,79.061362,Ring Road,Train,883,674,433,74.14,Low,31,Hazy,33.64,74.19,22,2026-04-12 19:00:00
GEO-0479,Indore,Madhya Pradesh,West,22.652932,75.765969,Main Road,Train,162,138,176,29.52,High,25,Cloudy,2.18,89.37,18,2026-01-09 22:00:00
GEO-0480,Chennai,Tamil Nadu,West,13.109061,80.278797,Ring Road,Bus,826,1075,85,17.24,High,25,Cloudy,69.6,74.49,37,2026-04-22 11:00:00
GEO-0481,Lucknow,Uttar Pradesh,West,26.865401,80.989031,Main Road,Taxi,42,35,51,85.97,High,18,Cloudy,72.49,46.26,14,2026-03-07 22:00:00
GEO-0482,Kochi,Kerala,South,9.911175,76.291526,Ring Road,Train,442,632,134,91.52,Moderate,51,Cloudy,46.17,222.55,19,2026-05-09 14:00:00
GEO-0483,Coimbatore,Tamil Nadu,North,11.047369,76.90203,Expressway,Taxi,520,749,248,32.03,High,21,Cloudy,82.25,235.9,53,2026-02-24 22:00:00
GEO-0484,Kolkata,West Bengal,South,22.531963,88.40808,Expressway,Train,59,82,334,79.79,Low,19,Clear,58.64,92.72,35,2026-06-09 04:00:00
GEO-0485,Nagpur,Maharashtra,East,21.151755,79.078245,Ring Road,Auto,287,272,121,41.02,Severe,20,Rain,23.73,234.88,27,2026-02-27 12:00:00
GEO-0486,Jaipur,Rajasthan,South,26.849596,75.767889,Expressway,Taxi,35,51,42,94.14,High,22,Rain,57.97,244.66,20,2026-07-21 10:00:00
GEO-0487,Jaipur,Rajasthan,North,26.931016,75.818464,Expressway,Metro,484,652,94,84.12,Moderate,41,Hazy,7.34,78.18,14,2026-02-12 12:00:00
GEO-0488,Bengaluru,Karnataka,West,12.910422,77.666137,Highway,Taxi,505,737,80,32.13,Moderate,34,Cloudy,5.28,36.51,40,2026-06-29 07:00:00
GEO-0489,Kochi,Kerala,East,9.932818,76.266246,Main Road,Auto,828,692,312,42.15,Severe,17,Cloudy,46.15,43.08,7,2026-04-25 23:00:00
GEO-0490,Bengaluru,Karnataka,South,12.939185,77.590519,Main Road,Train,320,451,490,69.42,High,23,Hazy,20.32,232.46,24,2026-02-22 13:00:00
GEO-0491,Surat,Gujarat,South,21.095223,72.857583,Ring Road,Metro,638,547,184,93.63,Moderate,46,Cloudy,29.57,224.32,19,2026-04-30 04:00:00
GEO-0492,Nagpur,Maharashtra,North,21.134966,79.171748,Highway,Bus,691,931,429,95.06,Moderate,43,Clear,38.29,41.78,38,2026-07-19 10:00:00
GEO-0493,Surat,Gujarat,West,21.187326,72.8052,Highway,E-Rickshaw,40,58,23,73.54,High,31,Cloudy,11.21,248.51,29,2026-07-24 01:00:00
GEO-0494,Lucknow,Uttar Pradesh,South,26.90148,80.87047,Main Road,Bus,201,163,199,24.23,Moderate,54,Cloudy,6.5,73.85,39,2026-04-05 11:00:00
GEO-0495,Hyderabad,Telangana,West,17.359133,78.531952,Highway,E-Rickshaw,782,1053,315,84.67,Moderate,44,Hazy,82.77,175.67,26,2026-04-02 20:00:00
GEO-0496,Coimbatore,Tamil Nadu,West,11.046342,76.933616,City Road,Train,604,496,46,26.08,High,19,Clear,88.88,117.76,36,2026-03-08 04:00:00
GEO-0497,Indore,Madhya Pradesh,East,22.680203,75.842619,Ring Road,Metro,826,726,97,90.46,Moderate,43,Clear,42.53,103.91,11,2026-05-25 18:00:00
GEO-0498,Ahmedabad,Gujarat,Central,23.056383,72.570476,Expressway,Bus,911,982,386,80.13,Severe,18,Rain,68.81,127.82,5,2026-04-24 06:00:00
GEO-0499,Ahmedabad,Gujarat,East,23.030066,72.56465,Highway,Taxi,390,322,447,19.43,Moderate,32,Rain,35.59,51.31,32,2026-01-12 20:00:00
GEO-0500,Nagpur,Maharashtra,North,21.114634,79.097129,Expressway,Metro,373,326,117,71.79,Low,45,Rain,49.14,200.18,15,2026-07-14 02:00:00
